pixel1,pixel2,pixel3,pixel4,pixel5,pixel6,pixel7,pixel8,pixel9,pixel10,pixel11,pixel12,pixel13,pixel14,pixel15,pixel16,pixel17,pixel18,pixel19,pixel20,pixel21,pixel22,pixel23,pixel24,pixel25,pixel26,pixel27,pixel28,pixel29,pixel30,pixel31,pixel32,pixel33,pixel34,pixel35,pixel36,pixel37,pixel38,pixel39,pixel40,pixel41,pixel42,pixel43,pixel44,pixel45,pixel46,pixel47,pixel48,pixel49,pixel50,pixel51,pixel52,pixel53,pixel54,pixel55,pixel56,pixel57,pixel58,pixel59,pixel60,pixel61,pixel62,pixel63,pixel64,pixel65,pixel66,pixel67,pixel68,pixel69,pixel70,pixel71,pixel72,pixel73,pixel74,pixel75,pixel76,pixel77,pixel78,pixel79,pixel80,pixel81,pixel82,pixel83,pixel84,pixel85,pixel86,pixel87,pixel88,pixel89,pixel90,pixel91,pixel92,pixel93,pixel94,pixel95,pixel96,pixel97,pixel98,pixel99,pixel100,pixel101,pixel102,pixel103,pixel104,pixel105,pixel106,pixel107,pixel108,pixel109,pixel110,pixel111,pixel112,pixel113,pixel114,pixel115,pixel116,pixel117,pixel118,pixel119,pixel120,pixel121,pixel122,pixel123,pixel124,pixel125,pixel126,pixel127,pixel128,pixel129,pixel130,pixel131,pixel132,pixel133,pixel134,pixel135,pixel136,pixel137,pixel138,pixel139,pixel140,pixel141,pixel142,pixel143,pixel144,pixel145,pixel146,pixel147,pixel148,pixel149,pixel150,pixel151,pixel152,pixel153,pixel154,pixel155,pixel156,pixel157,pixel158,pixel159,pixel160,pixel161,pixel162,pixel163,pixel164,pixel165,pixel166,pixel167,pixel168,pixel169,pixel170,pixel171,pixel172,pixel173,pixel174,pixel175,pixel176,pixel177,pixel178,pixel179,pixel180,pixel181,pixel182,pixel183,pixel184,pixel185,pixel186,pixel187,pixel188,pixel189,pixel190,pixel191,pixel192,pixel193,pixel194,pixel195,pixel196,pixel197,pixel198,pixel199,pixel200,pixel201,pixel202,pixel203,pixel204,pixel205,pixel206,pixel207,pixel208,pixel209,pixel210,pixel211,pixel212,pixel213,pixel214,pixel215,pixel216,pixel217,pixel218,pixel219,pixel220,pixel221,pixel222,pixel223,pixel224,pixel225,pixel226,pixel227,pixel228,pixel229,pixel230,pixel231,pixel232,pixel233,pixel234,pixel235,pixel236,pixel237,pixel238,pixel239,pixel240,pixel241,pixel242,pixel243,pixel244,pixel245,pixel246,pixel247,pixel248,pixel249,pixel250,pixel251,pixel252,pixel253,pixel254,pixel255,pixel256,pixel257,pixel258,pixel259,pixel260,pixel261,pixel262,pixel263,pixel264,pixel265,pixel266,pixel267,pixel268,pixel269,pixel270,pixel271,pixel272,pixel273,pixel274,pixel275,pixel276,pixel277,pixel278,pixel279,pixel280,pixel281,pixel282,pixel283,pixel284,pixel285,pixel286,pixel287,pixel288,pixel289,pixel290,pixel291,pixel292,pixel293,pixel294,pixel295,pixel296,pixel297,pixel298,pixel299,pixel300,pixel301,pixel302,pixel303,pixel304,pixel305,pixel306,pixel307,pixel308,pixel309,pixel310,pixel311,pixel312,pixel313,pixel314,pixel315,pixel316,pixel317,pixel318,pixel319,pixel320,pixel321,pixel322,pixel323,pixel324,pixel325,pixel326,pixel327,pixel328,pixel329,pixel330,pixel331,pixel332,pixel333,pixel334,pixel335,pixel336,pixel337,pixel338,pixel339,pixel340,pixel341,pixel342,pixel343,pixel344,pixel345,pixel346,pixel347,pixel348,pixel349,pixel350,pixel351,pixel352,pixel353,pixel354,pixel355,pixel356,pixel357,pixel358,pixel359,pixel360,pixel361,pixel362,pixel363,pixel364,pixel365,pixel366,pixel367,pixel368,pixel369,pixel370,pixel371,pixel372,pixel373,pixel374,pixel375,pixel376,pixel377,pixel378,pixel379,pixel380,pixel381,pixel382,pixel383,pixel384,pixel385,pixel386,pixel387,pixel388,pixel389,pixel390,pixel391,pixel392,pixel393,pixel394,pixel395,pixel396,pixel397,pixel398,pixel399,pixel400,pixel401,pixel402,pixel403,pixel404,pixel405,pixel406,pixel407,pixel408,pixel409,pixel410,pixel411,pixel412,pixel413,pixel414,pixel415,pixel416,pixel417,pixel418,pixel419,pixel420,pixel421,pixel422,pixel423,pixel424,pixel425,pixel426,pixel427,pixel428,pixel429,pixel430,pixel431,pixel432,pixel433,pixel434,pixel435,pixel436,pixel437,pixel438,pixel439,pixel440,pixel441,pixel442,pixel443,pixel444,pixel445,pixel446,pixel447,pixel448,pixel449,pixel450,pixel451,pixel452,pixel453,pixel454,pixel455,pixel456,pixel457,pixel458,pixel459,pixel460,pixel461,pixel462,pixel463,pixel464,pixel465,pixel466,pixel467,pixel468,pixel469,pixel470,pixel471,pixel472,pixel473,pixel474,pixel475,pixel476,pixel477,pixel478,pixel479,pixel480,pixel481,pixel482,pixel483,pixel484,pixel485,pixel486,pixel487,pixel488,pixel489,pixel490,pixel491,pixel492,pixel493,pixel494,pixel495,pixel496,pixel497,pixel498,pixel499,pixel500,pixel501,pixel502,pixel503,pixel504,pixel505,pixel506,pixel507,pixel508,pixel509,pixel510,pixel511,pixel512,pixel513,pixel514,pixel515,pixel516,pixel517,pixel518,pixel519,pixel520,pixel521,pixel522,pixel523,pixel524,pixel525,pixel526,pixel527,pixel528,pixel529,pixel530,pixel531,pixel532,pixel533,pixel534,pixel535,pixel536,pixel537,pixel538,pixel539,pixel540,pixel541,pixel542,pixel543,pixel544,pixel545,pixel546,pixel547,pixel548,pixel549,pixel550,pixel551,pixel552,pixel553,pixel554,pixel555,pixel556,pixel557,pixel558,pixel559,pixel560,pixel561,pixel562,pixel563,pixel564,pixel565,pixel566,pixel567,pixel568,pixel569,pixel570,pixel571,pixel572,pixel573,pixel574,pixel575,pixel576,pixel577,pixel578,pixel579,pixel580,pixel581,pixel582,pixel583,pixel584,pixel585,pixel586,pixel587,pixel588,pixel589,pixel590,pixel591,pixel592,pixel593,pixel594,pixel595,pixel596,pixel597,pixel598,pixel599,pixel600,pixel601,pixel602,pixel603,pixel604,pixel605,pixel606,pixel607,pixel608,pixel609,pixel610,pixel611,pixel612,pixel613,pixel614,pixel615,pixel616,pixel617,pixel618,pixel619,pixel620,pixel621,pixel622,pixel623,pixel624,pixel625,pixel626,pixel627,pixel628,pixel629,pixel630,pixel631,pixel632,pixel633,pixel634,pixel635,pixel636,pixel637,pixel638,pixel639,pixel640,pixel641,pixel642,pixel643,pixel644,pixel645,pixel646,pixel647,pixel648,pixel649,pixel650,pixel651,pixel652,pixel653,pixel654,pixel655,pixel656,pixel657,pixel658,pixel659,pixel660,pixel661,pixel662,pixel663,pixel664,pixel665,pixel666,pixel667,pixel668,pixel669,pixel670,pixel671,pixel672,pixel673,pixel674,pixel675,pixel676,pixel677,pixel678,pixel679,pixel680,pixel681,pixel682,pixel683,pixel684,pixel685,pixel686,pixel687,pixel688,pixel689,pixel690,pixel691,pixel692,pixel693,pixel694,pixel695,pixel696,pixel697,pixel698,pixel699,pixel700,pixel701,pixel702,pixel703,pixel704,pixel705,pixel706,pixel707,pixel708,pixel709,pixel710,pixel711,pixel712,pixel713,pixel714,pixel715,pixel716,pixel717,pixel718,pixel719,pixel720,pixel721,pixel722,pixel723,pixel724,pixel725,pixel726,pixel727,pixel728,pixel729,pixel730,pixel731,pixel732,pixel733,pixel734,pixel735,pixel736,pixel737,pixel738,pixel739,pixel740,pixel741,pixel742,pixel743,pixel744,pixel745,pixel746,pixel747,pixel748,pixel749,pixel750,pixel751,pixel752,pixel753,pixel754,pixel755,pixel756,pixel757,pixel758,pixel759,pixel760,pixel761,pixel762,pixel763,pixel764,pixel765,pixel766,pixel767,pixel768,pixel769,pixel770,pixel771,pixel772,pixel773,pixel774,pixel775,pixel776,pixel777,pixel778,pixel779,pixel780,pixel781,pixel782,pixel783,pixel784,label
0,0,0,0,0,0,0,0,0,0,0,0,0,0,0,0,0,0,0,0,0,0,0,0,0,0,0,0,0,0,0,0,0,0,0,0,0,0,0,0,0,0,0,0,0,0,0,0,0,0,0,0,0,0,0,0,0,0,0,0,0,0,0,0,0,0,0,0,0,0,0,0,0,0,0,0,0,0,0,0,0,0,0,0,0,0,0,0,0,0,0,0,0,0,0,0,0,0,0,0,0,0,0,0,0,0,0,0,0,0,0,0,0,0,0,0,0,0,0,0,0,0,0,0,0,0,0,0,0,0,0,0,0,0,0,0,0,0,0,0,0,0,0,0,0,0,0,0,0,0,0,0,0,0,0,0,0,0,0,0,0,0,0,0,0,0,0,0,0,0,0,0,0,0,0,0,0,0,0,0,0,0,0,0,0,0,0,0,0,21,4,0,0,0,0,0,0,0,0,0,0,0,0,0,0,0,0,0,0,0,0,0,1,11,17,57,112,132,91,147,105,23,0,0,0,0,0,0,0,0,0,0,0,0,0,0,0,2,3,26,66,108,176,205,234,252,250,237,206,84,0,0,0,0,0,0,0,0,0,0,0,0,0,0,47,66,98,183,202,236,251,249,252,252,252,246,194,88,0,0,0,0,0,0,0,0,0,0,0,11,41,147,180,235,250,253,252,242,252,212,152,241,252,247,162,32,0,0,0,0,0,0,0,0,0,0,21,105,202,235,248,245,252,215,163,137,41,67,52,230,252,251,212,7,0,0,0,0,0,0,0,0,0,56,137,221,251,251,224,189,130,79,36,18,2,36,138,244,252,238,168,0,0,0,0,0,0,0,6,32,111,202,252,254,252,236,122,100,25,8,1,0,0,108,206,248,233,182,76,0,0,0,0,0,0,4,56,152,237,250,236,212,149,80,24,0,0,0,0,0,63,221,249,221,99,68,19,0,0,0,0,0,0,59,164,232,251,245,152,71,29,4,0,0,0,0,6,21,110,249,223,126,33,0,0,0,0,0,0,0,9,203,249,252,239,140,28,0,1,1,6,3,9,21,64,161,224,225,153,67,6,0,0,0,0,0,0,0,75,253,252,252,234,117,55,13,27,82,87,88,142,146,184,237,251,181,50,2,0,0,0,0,0,0,0,0,79,214,249,250,245,215,216,252,206,214,252,249,238,251,244,230,136,84,6,0,0,0,0,0,0,0,0,0,20,133,193,205,209,224,232,252,248,230,230,238,205,186,149,49,22,4,0,0,0,0,0,0,0,0,0,0,1,37,49,6,54,105,123,80,111,110,101,61,61,49,16,2,0,0,0,0,0,0,0,0,0,0,0,0,0,0,0,0,0,0,0,4,16,0,0,2,0,0,0,0,0,0,0,0,0,0,0,0,0,0,0,0,0,0,0,0,0,0,0,0,0,0,0,0,0,0,0,0,0,0,0,0,0,0,0,0,0,0,0,0,0,0,0,0,0,0,0,0,0,0,0,0,0,0,0,0,0,0,0,0,0,0,0,0,0,0,0,0,0,0,0,0,0,0,0,0,0,0,0,0,0,0,0,0,0,0,0,0,0,0,0,0,0,0,0,0,0,0,0,0,0,0,0,0,0,0,0,0,0,0,0,0,0,0,0,0,0,0,0,0,0,0,0,0,0,0,0,0,0,0,0,0,0,0,0,0,0,0,0,0,0,0,0,0,0,0,0,0,0,0,0,0,0,0,0,0,0,0,0,0,0,0,0,0,0,0,0,0,0,0,0,0,0,0,0,0,0,0,0
0,0,0,0,0,0,0,0,0,0,0,0,0,0,0,0,0,0,0,0,0,0,0,0,0,0,0,0,0,0,0,0,0,0,0,0,0,0,0,0,0,0,0,0,0,0,0,0,0,0,0,0,0,0,0,0,0,0,0,0,0,0,0,0,0,0,0,0,0,0,0,0,0,0,0,0,0,0,0,0,0,0,0,0,0,0,0,0,0,0,0,0,0,0,0,0,0,0,0,0,0,0,0,0,0,0,0,0,0,0,0,0,0,0,0,0,0,0,0,0,0,0,0,0,0,4,9,0,0,0,0,0,0,0,0,0,0,0,0,0,0,0,0,0,0,0,0,0,0,0,0,9,41,78,116,131,87,23,20,7,0,0,0,0,0,0,0,0,0,0,0,0,0,0,0,0,0,1,25,106,171,221,252,237,202,137,132,144,50,89,80,7,0,0,0,0,0,0,0,0,0,0,0,0,9,27,157,225,225,215,222,237,251,245,210,98,46,164,176,38,0,0,0,0,0,0,0,0,0,0,0,0,70,221,246,245,145,64,10,82,210,249,215,90,83,202,163,45,0,0,0,0,0,0,0,0,0,0,5,54,191,252,230,118,42,0,0,12,98,208,250,226,167,169,75,10,0,0,0,0,0,0,0,0,0,0,45,151,249,239,155,23,0,0,0,0,17,103,218,249,206,68,6,0,0,0,0,0,0,0,0,0,0,0,90,210,247,159,55,3,0,0,0,0,0,11,95,223,226,101,5,0,0,0,0,0,0,0,0,0,0,0,151,237,222,50,5,0,0,0,0,0,0,0,45,185,249,165,32,0,0,0,0,0,0,0,0,0,0,19,228,249,154,0,0,0,0,0,0,0,0,0,0,136,237,221,66,0,0,0,0,0,0,0,0,0,27,122,250,212,85,0,0,0,0,0,0,0,0,0,0,55,246,251,83,6,0,0,0,0,0,0,0,0,65,185,253,147,12,0,0,0,0,0,0,0,0,0,3,62,244,229,81,0,0,0,0,0,0,0,0,0,40,197,252,120,10,0,0,0,0,0,0,0,0,0,3,90,230,196,61,0,0,0,0,0,0,0,0,0,4,225,252,169,20,0,0,0,0,0,0,0,0,0,13,154,244,162,42,0,0,0,0,0,0,0,0,0,33,240,251,213,1,0,0,0,0,0,0,0,0,0,81,221,249,110,20,0,0,0,0,0,0,0,0,0,45,188,250,192,30,0,0,0,0,0,0,0,2,25,179,251,208,19,0,0,0,0,0,0,0,0,0,0,26,163,251,219,104,15,0,0,0,0,2,18,63,146,243,211,82,0,0,0,0,0,0,0,0,0,0,0,5,90,210,249,238,141,72,45,27,20,84,137,195,248,206,104,11,0,0,0,0,0,0,0,0,0,0,0,0,12,116,218,252,230,192,172,207,216,218,242,250,219,121,31,0,0,0,0,0,0,0,0,0,0,0,0,0,0,9,72,161,229,249,220,242,251,224,195,180,55,15,3,0,0,0,0,0,0,0,0,0,0,0,0,0,0,0,0,14,66,112,105,116,66,71,59,0,0,0,0,0,0,0,0,0,0,0,0,0,0,0,0,0,0,0,0,0,0,0,0,0,4,2,0,0,0,0,0,0,0,0,0,0,0,0,0,0,0,0,0,0,0,0,0,0,0,0,0,0,0,0,0,0,0,0,0,0,0,0,0,0,0,0,0,0,0,0,0,0,0,0,0,0,0,0,0,0,0,0,0,0,0,0,0,0,0,0,0,0,0,0,0,0
0,0,0,0,0,0,0,0,0,0,0,0,0,0,0,0,0,0,0,0,0,0,0,0,0,0,0,0,0,0,0,0,0,0,0,0,0,0,0,0,0,0,0,0,0,0,0,0,0,0,0,0,0,0,0,0,0,0,0,0,0,0,0,0,0,0,0,0,0,0,0,0,0,0,0,0,0,0,0,0,0,0,0,0,0,0,0,0,0,0,0,0,0,0,0,0,18,49,18,0,0,0,0,0,0,0,0,0,0,0,0,0,0,0,0,0,0,0,0,3,21,24,30,64,128,221,253,213,132,63,35,7,0,0,0,0,0,0,0,0,0,0,0,0,0,0,0,33,140,197,184,195,232,253,253,250,227,188,142,54,0,0,0,0,0,0,0,0,0,0,0,0,0,0,0,121,227,249,248,251,253,253,253,253,253,253,246,167,41,1,0,0,0,0,0,0,0,0,0,0,0,0,0,226,252,253,253,253,253,253,252,253,253,253,253,253,97,10,0,0,0,0,0,0,0,0,0,0,0,0,37,236,253,253,253,253,253,251,238,193,207,236,248,252,221,120,14,0,0,0,0,0,0,0,0,0,0,21,108,242,253,253,253,253,253,232,131,34,69,124,197,253,250,210,43,0,0,0,0,0,0,0,0,0,0,94,206,253,252,229,231,241,210,187,100,0,0,12,107,248,253,235,127,15,0,0,0,0,0,0,0,0,0,171,250,253,240,138,109,144,70,5,5,0,0,1,70,207,253,250,198,66,0,0,0,0,0,0,0,0,0,209,251,253,220,65,17,37,13,0,0,0,0,0,1,114,229,253,241,125,12,0,0,0,0,0,0,0,8,178,253,253,251,72,1,0,0,0,0,0,0,0,0,52,212,251,252,199,47,0,0,0,0,0,0,0,17,121,250,253,238,127,0,0,0,0,0,0,0,0,0,0,125,250,253,244,67,3,0,0,0,0,0,0,7,97,232,253,240,140,1,0,0,0,0,0,0,0,0,14,113,253,253,237,104,0,0,0,0,0,0,0,0,76,205,253,251,160,30,0,0,0,0,0,0,0,0,29,140,253,253,213,84,0,0,0,0,0,0,0,0,71,209,253,253,221,124,23,0,0,0,0,0,0,10,47,171,253,253,199,69,0,0,0,0,0,0,0,0,60,201,251,253,251,220,103,35,1,0,0,1,24,93,204,242,253,253,199,68,0,0,0,0,0,0,0,0,16,84,235,253,253,252,232,186,86,68,108,106,142,227,250,253,253,250,131,22,0,0,0,0,0,0,0,0,0,31,174,244,253,253,253,253,250,223,225,237,253,253,253,252,243,176,54,1,0,0,0,0,0,0,0,0,0,0,33,157,241,249,253,253,253,253,253,253,253,253,253,246,188,40,0,0,0,0,0,0,0,0,0,0,0,0,0,29,104,206,252,253,253,253,253,253,252,250,241,192,95,0,0,0,0,0,0,0,0,0,0,0,0,0,0,0,15,103,179,223,253,253,253,235,215,197,107,49,21,0,0,0,0,0,0,0,0,0,0,0,0,0,0,0,0,0,0,0,18,62,106,118,73,15,7,1,0,0,0,0,0,0,0,0,0,0,0,0,0,0,0,0,0,0,0,0,0,0,0,0,0,0,0,0,0,0,0,0,0,0,0,0,0,0,0,0,0,0,0,0,0,0,0,0,0,0,0,0,0,0,0,0,0,0,0,0,0,0,0,0,0,0,0,0,0,0,0,0,0,0,0,0,0,0,0,0,0,0,0,0,0,0,0,0,0,0,0,0
0,0,0,0,0,0,0,0,0,0,0,0,0,0,0,0,0,0,0,0,0,0,0,0,0,0,0,0,0,0,0,0,0,0,0,0,0,0,0,0,0,0,0,0,0,0,0,0,0,0,0,0,0,0,0,0,0,0,0,0,0,0,0,0,0,0,0,0,0,0,0,0,0,0,0,0,0,0,0,0,0,0,0,0,0,0,0,0,0,0,0,0,0,0,0,0,0,0,0,0,0,0,29,62,41,4,0,0,0,0,0,0,0,0,0,0,0,0,0,0,0,0,0,0,0,0,0,0,21,83,146,218,192,62,0,0,0,0,0,0,0,0,0,0,0,0,0,0,0,0,0,0,0,0,0,89,157,209,240,249,147,33,0,0,0,0,0,0,0,0,0,0,0,0,0,0,0,0,0,0,0,5,0,222,241,250,228,188,26,4,0,0,0,0,0,0,0,0,0,0,0,0,0,0,0,0,0,2,21,76,165,252,251,243,142,23,55,184,193,61,14,0,0,0,0,0,0,0,0,0,0,0,0,0,20,72,129,239,252,237,163,94,49,61,211,251,244,187,56,0,0,0,0,0,0,0,0,0,0,0,0,13,90,197,237,237,171,75,39,0,19,118,241,252,252,208,68,0,0,0,0,0,0,0,0,0,0,0,18,106,195,242,238,160,49,6,2,0,0,40,165,247,251,191,62,0,0,0,0,0,0,0,0,0,6,26,136,218,248,231,159,56,5,0,0,0,0,0,104,225,251,197,66,0,0,0,0,0,0,0,0,7,115,218,239,251,214,129,33,2,0,0,0,0,0,0,74,206,251,158,40,0,0,0,0,0,0,0,2,73,222,250,251,197,93,4,0,0,0,0,0,0,0,20,171,241,251,119,16,0,0,0,0,0,0,9,66,207,250,241,172,54,7,0,0,0,0,0,0,0,2,98,252,252,252,98,3,0,0,0,0,0,0,56,188,246,246,194,70,0,0,0,0,0,0,0,3,24,58,134,251,245,191,41,0,0,0,0,0,0,0,114,252,251,241,159,37,0,0,16,26,15,34,49,73,140,179,208,251,233,141,5,0,0,0,0,0,0,0,144,250,252,252,237,193,150,114,128,166,178,203,205,205,239,251,252,248,172,47,0,0,0,0,0,0,0,0,128,235,251,251,251,252,252,252,252,252,254,250,252,252,251,245,236,198,88,9,0,0,0,0,0,0,0,0,53,179,243,251,251,252,251,251,251,251,252,251,251,248,240,183,134,39,5,0,0,0,0,0,0,0,0,0,7,37,197,250,251,252,251,238,233,241,251,238,168,157,128,44,4,0,0,0,0,0,0,0,0,0,0,0,0,4,47,98,120,143,160,144,136,154,31,55,35,38,0,0,0,0,0,0,0,0,0,0,0,0,0,0,0,0,0,3,16,30,38,21,0,0,0,3,0,0,0,0,0,0,0,0,0,0,0,0,0,0,0,0,0,0,0,0,0,0,0,0,0,0,0,0,0,0,0,0,0,0,0,0,0,0,0,0,0,0,0,0,0,0,0,0,0,0,0,0,0,0,0,0,0,0,0,0,0,0,0,0,0,0,0,0,0,0,0,0,0,0,0,0,0,0,0,0,0,0,0,0,0,0,0,0,0,0,0,0,0,0,0,0,0,0,0,0,0,0,0,0,0,0,0,0,0,0,0,0,0,0,0,0,0,0,0,0,0,0,0,0,0,0,0,0,0,0,0,0,0,0,0,0,0,0,0,0,0,0,0,0,0,0,0,0,0,0,0,0,0,0
0,0,0,0,0,0,0,0,0,0,0,0,0,0,0,0,0,0,0,0,0,0,0,0,0,0,0,0,0,0,0,0,0,0,0,0,0,0,0,0,0,0,0,0,0,0,0,0,0,0,0,0,0,0,0,0,0,0,0,0,0,0,0,0,0,0,0,0,0,0,0,0,0,0,0,0,0,0,0,0,0,0,0,0,0,0,0,0,0,0,0,0,0,0,0,0,0,0,0,0,0,0,0,0,0,0,0,0,0,0,0,0,0,0,0,0,0,0,0,0,0,13,61,54,30,19,0,0,0,0,0,0,0,0,0,0,0,0,0,0,0,0,0,0,0,0,0,0,0,43,180,221,202,234,124,0,0,0,0,0,0,0,0,0,0,0,0,0,0,0,0,0,0,0,0,0,0,29,145,245,248,248,233,160,75,0,0,0,0,0,0,0,0,0,0,0,0,0,0,0,0,0,0,0,0,0,96,227,192,167,238,246,211,120,31,0,0,0,0,0,0,0,0,0,0,0,0,0,0,0,0,0,0,0,136,228,100,27,161,177,185,226,149,46,0,0,0,0,0,0,0,0,0,0,0,0,0,0,0,0,0,21,168,172,49,0,121,87,37,157,221,142,31,0,0,0,0,0,0,0,0,0,0,0,0,0,0,0,0,85,213,106,14,0,4,7,0,39,137,203,119,20,0,0,0,0,0,0,0,0,0,0,0,0,0,0,0,135,237,53,0,0,0,0,0,0,33,138,200,87,9,0,0,0,0,0,0,0,0,0,0,0,0,0,0,150,245,30,0,0,0,0,0,0,0,34,201,189,34,0,0,0,0,0,0,0,0,0,0,0,0,0,0,186,252,8,0,0,0,0,0,0,0,0,104,245,80,4,0,0,0,0,0,0,0,0,0,0,0,0,15,238,240,0,0,0,0,0,0,0,0,0,4,234,189,0,0,0,0,0,0,0,0,0,0,0,0,0,38,255,218,0,0,0,0,0,0,0,0,0,17,178,229,0,0,0,0,0,0,0,0,0,0,0,0,0,60,255,196,0,0,0,0,0,0,0,0,0,19,133,207,0,0,0,0,0,0,0,0,0,0,0,0,0,83,255,173,0,0,0,0,0,0,0,0,0,27,139,185,0,0,0,0,0,0,0,0,0,0,0,0,0,99,248,151,0,0,0,0,0,0,0,0,0,63,187,154,0,0,0,0,0,0,0,0,0,0,0,0,0,93,224,133,2,0,0,0,0,0,0,0,19,135,216,98,0,0,0,0,0,0,0,0,0,0,0,0,0,52,190,151,26,0,0,0,0,0,0,9,99,209,159,40,0,0,0,0,0,0,0,0,0,0,0,0,0,10,156,219,84,3,0,0,0,0,12,97,207,211,75,0,0,0,0,0,0,0,0,0,0,0,0,0,0,0,82,216,167,44,1,0,0,62,150,219,171,83,16,0,0,0,0,0,0,0,0,0,0,0,0,0,0,0,0,145,231,182,170,156,199,213,230,160,42,3,0,0,0,0,0,0,0,0,0,0,0,0,0,0,0,0,0,19,131,154,247,247,189,154,86,32,3,0,0,0,0,0,0,0,0,0,0,0,0,0,0,0,0,0,0,0,0,0,0,22,29,29,0,0,0,0,0,0,0,0,0,0,0,0,0,0,0,0,0,0,0,0,0,0,0,0,0,0,0,0,0,0,0,0,0,0,0,0,0,0,0,0,0,0,0,0,0,0,0,0,0,0,0,0,0,0,0,0,0,0,0,0,0,0,0,0,0,0,0,0
0,0,0,0,0,0,0,0,0,0,0,0,0,0,0,0,0,0,0,0,0,0,0,0,0,0,0,0,0,0,0,0,0,0,0,0,0,0,0,0,0,0,0,0,0,0,0,0,0,0,0,0,0,0,0,0,0,0,0,0,0,0,0,0,0,0,0,0,0,0,0,0,0,0,0,0,0,0,0,0,0,0,0,0,0,0,0,0,0,0,0,0,0,0,0,0,0,0,0,0,0,0,3,62,126,173,198,168,33,2,0,0,0,0,0,0,0,0,0,0,0,0,0,0,0,0,0,0,0,1,63,175,232,245,242,243,164,32,0,0,0,0,0,0,0,0,0,0,0,0,0,0,0,0,0,0,8,56,172,241,194,120,77,97,191,70,0,0,0,0,0,0,0,0,0,0,0,0,0,0,0,0,0,6,62,176,241,253,123,22,7,9,84,48,0,0,0,0,0,0,0,0,0,0,0,0,0,0,0,0,7,63,178,245,253,253,115,0,0,0,4,0,0,0,0,0,0,0,0,0,0,0,0,0,0,0,0,7,99,217,247,235,242,217,87,0,0,0,0,0,0,0,0,0,0,0,0,0,0,0,0,0,0,0,14,101,222,239,189,159,217,188,46,0,0,0,0,0,0,0,0,0,0,0,0,0,0,0,0,0,0,6,74,219,234,148,44,67,222,197,41,0,0,0,0,0,0,0,0,0,0,0,0,0,0,0,0,0,3,53,211,239,155,32,4,71,251,202,32,0,0,0,0,0,0,0,0,0,0,0,0,0,0,0,0,1,34,200,243,174,13,0,6,83,246,167,10,0,0,0,0,0,0,0,0,0,0,0,0,0,0,0,0,16,146,250,237,51,0,0,12,158,249,78,0,0,0,0,0,0,0,0,0,0,0,0,0,0,0,0,9,125,233,243,97,5,0,0,50,232,228,24,0,0,0,0,0,0,0,0,0,0,0,0,0,0,0,3,67,215,246,123,19,0,0,7,124,238,169,23,0,0,0,0,0,0,0,0,0,0,0,0,0,0,0,54,170,236,149,35,2,0,0,68,218,233,104,14,0,0,0,0,0,0,0,0,0,0,0,0,0,0,16,145,237,203,67,4,0,0,28,170,238,159,37,1,0,0,0,0,0,0,0,0,0,0,0,0,0,0,62,197,233,120,19,0,0,0,108,221,196,63,2,0,0,0,0,0,0,0,0,0,0,0,0,0,0,0,103,224,173,45,0,0,2,78,207,212,80,0,0,0,0,0,0,0,0,0,0,0,0,0,0,0,0,0,117,239,125,6,2,42,131,214,239,136,21,0,0,0,0,0,0,0,0,0,0,0,0,0,0,0,0,0,95,239,159,59,90,179,236,232,142,25,0,0,0,0,0,0,0,0,0,0,0,0,0,0,0,0,0,0,71,248,230,189,209,242,220,115,26,0,0,0,0,0,0,0,0,0,0,0,0,0,0,0,0,0,0,0,38,194,247,251,232,164,68,9,0,0,0,0,0,0,0,0,0,0,0,0,0,0,0,0,0,0,0,0,7,67,124,108,78,37,6,0,0,0,0,0,0,0,0,0,0,0,0,0,0,0,0,0,0,0,0,0,0,0,0,0,0,0,0,0,0,0,0,0,0,0,0,0,0,0,0,0,0,0,0,0,0,0,0,0,0,0,0,0,0,0,0,0,0,0,0,0,0,0,0,0,0,0,0,0,0,0,0,0,0,0,0,0,0,0,0,0,0,0,0,0,0,0,0,0,0,0,0,0,0,0,0,0,0,0,0
0,0,0,0,0,0,0,0,0,0,0,0,0,0,0,0,0,0,0,0,0,0,0,0,0,0,0,0,0,0,0,0,0,0,0,0,0,0,0,0,0,0,0,0,0,0,0,0,0,0,0,0,0,0,0,0,0,0,0,0,0,0,0,0,0,0,0,0,0,0,0,0,0,0,0,0,0,0,0,0,0,0,0,0,0,0,0,0,0,0,0,0,0,0,0,0,0,0,3,15,22,25,13,0,0,0,0,0,0,0,0,0,0,0,0,0,0,0,0,0,0,0,0,0,0,2,49,111,139,162,147,68,14,0,0,0,0,0,0,0,0,0,0,0,0,0,0,0,0,0,0,0,7,73,218,251,231,207,235,221,149,9,0,0,0,0,0,0,0,0,0,0,0,0,0,0,0,0,0,2,46,253,252,217,126,72,101,251,250,106,22,1,0,0,0,0,0,0,0,0,0,0,0,0,0,0,0,13,182,250,242,120,16,0,10,52,176,243,111,16,0,0,0,0,0,0,0,0,0,0,0,0,0,0,0,67,215,253,172,54,6,0,0,2,47,190,153,36,0,0,0,0,0,0,0,0,0,0,0,0,0,0,30,147,238,177,49,2,0,0,0,0,23,135,168,65,0,0,0,0,0,0,0,0,0,0,0,0,0,19,115,220,193,66,0,0,0,0,0,0,1,88,201,107,0,0,0,0,0,0,0,0,0,0,0,0,4,64,193,218,100,3,0,0,0,0,0,0,0,61,201,102,0,0,0,0,0,0,0,0,0,0,0,0,28,144,223,140,18,0,0,0,0,0,0,0,5,78,231,76,0,0,0,0,0,0,0,0,0,0,0,10,94,236,177,46,0,0,0,0,0,0,0,0,11,213,232,37,1,0,0,0,0,0,0,0,0,0,0,58,217,204,68,5,0,0,0,0,0,0,0,0,57,210,178,36,1,0,0,0,0,0,0,0,0,0,41,209,223,105,12,0,0,0,0,0,0,0,0,0,117,231,136,23,0,0,0,0,0,0,0,0,0,23,143,232,147,36,3,0,0,0,0,0,0,0,0,72,202,248,100,6,0,0,0,0,0,0,0,0,0,81,209,198,60,0,0,0,0,0,0,0,0,8,60,173,211,90,0,0,0,0,0,0,0,0,0,0,36,154,210,99,4,0,0,0,0,0,0,2,18,71,167,204,120,0,0,0,0,0,0,0,0,0,0,0,58,210,213,83,0,0,0,0,0,0,1,34,107,179,213,110,18,0,0,0,0,0,0,0,0,0,0,0,40,220,218,36,0,0,0,0,0,5,71,172,225,182,114,23,0,0,0,0,0,0,0,0,0,0,0,0,9,200,248,123,32,30,44,59,73,137,219,234,158,58,15,0,0,0,0,0,0,0,0,0,0,0,0,0,0,106,220,241,214,156,167,188,209,217,207,121,18,0,0,0,0,0,0,0,0,0,0,0,0,0,0,0,0,30,123,209,219,196,167,139,111,62,11,0,0,0,0,0,0,0,0,0,0,0,0,0,0,0,0,0,0,3,13,19,36,36,29,22,15,5,0,0,0,0,0,0,0,0,0,0,0,0,0,0,0,0,0,0,0,0,0,0,0,0,0,0,0,0,0,0,0,0,0,0,0,0,0,0,0,0,0,0,0,0,0,0,0,0,0,0,0,0,0,0,0,0,0,0,0,0,0,0,0,0,0,0,0,0,0,0,0,0,0,0,0,0,0,0,0,0,0,0,0,0,0,0,0,0,0,0,0,0,0,0,0,0,0,0,0
0,0,0,0,0,0,0,0,0,0,0,0,0,0,0,0,0,0,0,0,0,0,0,0,0,0,0,0,0,0,0,0,0,0,0,0,0,0,0,0,0,0,0,0,0,0,0,0,0,0,0,0,0,0,0,0,0,0,0,0,0,0,0,0,0,0,0,0,0,0,0,0,0,0,0,0,0,0,0,0,0,0,0,0,0,0,0,0,0,0,0,0,0,0,0,0,0,4,22,12,1,0,0,7,3,0,0,0,0,0,0,0,0,0,0,0,0,0,0,0,0,0,0,0,0,56,124,114,78,114,166,108,59,24,0,0,0,0,0,0,0,0,0,0,0,0,0,0,0,0,0,7,49,166,246,237,208,222,247,248,212,126,48,0,0,0,0,0,0,0,0,0,0,0,0,0,0,0,20,100,195,250,213,207,217,178,80,169,236,234,165,0,0,0,0,0,0,0,0,0,0,0,0,0,0,11,90,209,236,149,33,76,88,51,5,18,166,253,253,3,0,0,0,0,0,0,0,0,0,0,0,0,8,60,195,251,172,63,2,0,0,0,0,0,109,233,253,47,0,0,0,0,0,0,0,0,0,0,0,0,62,179,246,210,99,13,0,0,0,0,0,0,87,211,253,91,0,0,0,0,0,0,0,0,0,0,0,0,118,230,220,110,23,0,0,0,0,0,0,0,77,209,242,120,0,0,0,0,0,0,0,0,0,0,3,67,198,227,136,30,0,0,0,0,0,0,0,10,111,241,198,64,0,0,0,0,0,0,0,0,0,0,39,168,234,152,44,0,0,0,0,0,0,0,0,22,162,246,177,10,0,0,0,0,0,0,0,0,0,11,77,225,224,78,0,0,0,0,0,0,0,0,1,93,218,248,134,6,0,0,0,0,0,0,0,0,0,26,195,248,147,2,0,0,0,0,0,0,0,0,13,207,251,198,61,5,0,0,0,0,0,0,0,0,10,109,239,208,33,0,0,0,0,0,0,0,0,45,136,233,237,109,13,0,0,0,0,0,0,0,0,0,43,185,249,144,24,0,0,0,0,0,0,1,31,137,227,240,184,66,0,0,0,0,0,0,0,0,0,0,84,218,232,114,8,0,0,0,0,0,0,12,101,220,252,198,39,0,0,0,0,0,0,0,0,0,0,0,92,253,218,95,0,0,0,0,0,0,2,54,190,242,151,25,0,0,0,0,0,0,0,0,0,0,0,0,48,253,232,107,0,0,0,0,1,23,98,175,245,195,47,0,0,0,0,0,0,0,0,0,0,0,0,0,3,229,253,226,93,9,9,14,66,162,244,247,175,79,10,0,0,0,0,0,0,0,0,0,0,0,0,0,0,124,226,252,203,89,94,132,192,238,252,199,63,5,0,0,0,0,0,0,0,0,0,0,0,0,0,0,0,33,121,212,250,251,253,253,253,229,195,90,7,0,0,0,0,0,0,0,0,0,0,0,0,0,0,0,0,0,29,119,201,212,214,186,158,104,18,0,0,0,0,0,0,0,0,0,0,0,0,0,0,0,0,0,0,0,3,20,27,38,72,56,39,19,0,0,0,0,0,0,0,0,0,0,0,0,0,0,0,0,0,0,0,0,0,0,0,0,0,0,0,0,0,0,0,0,0,0,0,0,0,0,0,0,0,0,0,0,0,0,0,0,0,0,0,0,0,0,0,0,0,0,0,0,0,0,0,0,0,0,0,0,0,0,0,0,0,0,0,0,0,0,0,0,0,0,0,0,0,0,0,0,0,0,0,0,0,0,0,0,0,0,0
0,0,0,0,0,0,0,0,0,0,0,0,0,0,0,0,0,0,0,0,0,0,0,0,0,0,0,0,0,0,0,0,0,0,0,0,0,0,0,0,0,0,0,0,0,0,0,0,0,0,0,0,0,0,0,0,0,0,0,0,0,0,0,0,0,0,0,0,0,0,0,0,0,0,0,0,0,0,0,0,0,0,0,0,0,0,0,0,0,0,0,0,0,0,0,0,0,0,0,0,0,0,0,0,0,0,0,0,0,0,0,0,0,0,0,0,0,0,0,0,0,0,0,0,0,0,0,0,0,0,32,64,56,29,5,1,0,0,0,0,0,0,0,0,0,0,0,0,0,0,0,0,0,2,21,53,136,205,228,213,190,141,62,22,0,0,0,0,0,0,0,0,0,0,0,0,0,0,0,0,0,33,110,173,226,249,252,252,252,237,218,122,0,0,0,0,0,0,0,0,0,0,0,0,0,0,0,5,74,207,237,252,252,252,241,215,215,252,241,160,0,0,0,0,0,0,0,0,0,0,0,0,0,0,1,28,133,252,252,246,179,133,105,84,160,250,252,181,15,0,0,0,0,0,0,0,0,0,0,0,0,0,1,122,224,251,243,162,59,20,0,16,157,240,252,210,50,0,0,0,0,0,0,0,0,0,0,0,0,5,70,207,249,252,189,46,1,0,0,59,182,246,248,159,32,0,0,0,0,0,0,0,0,0,0,0,0,41,179,249,228,183,75,4,0,0,0,55,180,252,243,151,0,0,0,0,0,0,0,0,0,0,0,0,18,107,212,252,223,114,0,0,0,0,0,48,188,245,185,128,0,0,0,0,0,0,0,0,0,0,0,3,61,233,252,241,147,35,0,0,0,1,90,156,250,252,95,7,0,0,0,0,0,0,0,0,0,0,0,1,44,250,252,196,63,6,0,0,0,0,73,221,253,203,59,2,0,0,0,0,0,0,0,0,0,0,16,76,171,244,253,152,37,1,0,0,0,74,199,248,231,123,20,0,0,0,0,0,0,0,0,0,0,0,28,133,229,252,235,122,19,0,0,6,51,161,239,247,177,45,1,0,0,0,0,0,0,0,0,0,0,0,31,152,248,252,189,43,0,0,2,54,158,231,247,206,91,0,0,0,0,0,0,0,0,0,0,0,0,0,37,197,252,246,161,0,1,19,51,188,252,252,162,40,2,0,0,0,0,0,0,0,0,0,0,0,0,0,28,234,251,234,43,48,79,171,244,252,237,192,77,7,0,0,0,0,0,0,0,0,0,0,0,0,0,0,89,223,251,177,67,151,202,239,252,232,156,73,16,0,0,0,0,0,0,0,0,0,0,0,0,0,0,0,102,211,252,247,252,253,253,252,229,130,38,4,0,0,0,0,0,0,0,0,0,0,0,0,0,0,0,0,45,165,252,252,251,240,217,162,62,13,0,0,0,0,0,0,0,0,0,0,0,0,0,0,0,0,0,0,20,124,230,252,237,167,100,45,5,0,0,0,0,0,0,0,0,0,0,0,0,0,0,0,0,0,0,0,0,49,93,107,80,32,3,0,0,0,0,0,0,0,0,0,0,0,0,0,0,0,0,0,0,0,0,0,0,0,8,12,0,0,0,0,0,0,0,0,0,0,0,0,0,0,0,0,0,0,0,0,0,0,0,0,0,0,0,0,0,0,0,0,0,0,0,0,0,0,0,0,0,0,0,0,0,0,0,0,0,0,0,0,0,0,0,0,0,0,0,0,0,0,0,0,0,0,0,0,0,0,0,0,0,0,0
0,0,0,0,0,0,0,0,0,0,0,0,0,0,0,0,0,0,0,0,0,0,0,0,0,0,0,0,0,0,0,0,0,0,0,0,0,0,0,0,0,0,0,0,0,0,0,0,0,0,0,0,0,0,0,0,0,0,0,0,0,0,0,0,0,0,0,0,0,0,0,0,0,0,0,0,0,0,0,0,0,0,0,0,0,0,0,0,0,0,0,0,0,0,0,0,0,0,0,0,0,10,4,0,0,0,0,0,0,0,0,0,0,0,0,0,0,0,0,0,0,0,0,0,0,49,114,150,118,95,85,33,0,0,0,0,0,0,0,0,0,0,0,0,0,0,0,0,0,10,76,162,228,253,253,247,245,249,222,196,83,15,1,0,0,0,0,0,0,0,0,0,0,0,0,0,4,70,204,252,253,233,180,152,203,218,226,245,238,122,34,0,0,0,0,0,0,0,0,0,0,0,0,0,113,231,244,191,131,92,48,34,27,53,109,173,248,224,124,0,0,0,0,0,0,0,0,0,0,0,18,102,217,251,190,84,22,8,48,87,99,64,89,90,161,252,218,0,0,0,0,0,0,0,0,0,0,0,63,201,252,214,111,84,116,154,180,206,230,237,169,36,100,240,252,40,0,0,0,0,0,0,0,0,0,7,90,243,248,193,173,199,225,251,189,124,58,0,22,5,69,202,240,90,0,0,0,0,0,0,0,0,0,0,158,245,252,248,210,142,76,11,0,0,0,0,0,2,84,229,223,100,0,0,0,0,0,0,0,0,0,47,191,250,238,154,34,0,0,0,0,0,0,0,0,6,73,251,235,69,0,0,0,0,0,0,0,0,10,99,229,225,136,32,0,0,0,0,0,0,0,0,0,8,151,247,223,53,2,0,0,0,0,0,0,1,35,193,244,145,38,1,0,0,0,0,0,0,0,0,0,36,182,251,163,30,0,0,0,0,0,0,0,0,79,233,208,39,1,0,0,0,0,0,0,0,0,0,2,74,211,253,159,0,0,0,0,0,0,0,0,0,127,237,138,19,0,0,0,0,0,0,0,0,0,0,11,110,245,242,107,0,0,0,0,0,0,0,0,0,101,222,103,0,0,0,0,0,0,0,0,0,0,0,3,168,247,204,33,0,0,0,0,0,0,0,0,0,40,240,137,0,0,0,0,0,0,0,0,0,0,0,57,206,239,124,8,0,0,0,0,0,0,0,0,0,0,219,213,52,7,0,0,0,0,0,0,0,0,6,104,238,212,78,0,0,0,0,0,0,0,0,0,0,0,153,248,168,76,16,0,0,0,0,0,0,12,86,242,247,156,21,0,0,0,0,0,0,0,0,0,0,0,57,164,246,207,127,28,9,6,0,0,18,89,192,251,216,63,5,0,0,0,0,0,0,0,0,0,0,0,4,39,208,246,243,200,133,96,121,130,152,214,248,213,72,5,0,0,0,0,0,0,0,0,0,0,0,0,0,2,32,141,186,228,251,240,234,237,246,217,162,61,0,0,0,0,0,0,0,0,0,0,0,0,0,0,0,0,0,11,48,92,176,210,201,174,146,104,53,8,0,0,0,0,0,0,0,0,0,0,0,0,0,0,0,0,0,0,0,6,19,44,78,39,0,0,0,0,0,0,0,0,0,0,0,0,0,0,0,0,0,0,0,0,0,0,0,0,0,0,0,0,0,0,0,0,0,0,0,0,0,0,0,0,0,0,0,0,0,0,0,0,0,0,0,0,0,0,0,0,0,0,0,0,0,0,0,0,0,0,0,0,0,0
0,0,0,0,0,0,0,0,0,0,0,0,0,0,0,0,0,0,0,0,0,0,0,0,0,0,0,0,0,0,0,0,0,0,0,0,0,0,0,0,0,0,0,0,0,0,0,0,0,0,0,0,0,0,0,0,0,0,0,0,0,0,0,0,0,0,0,0,0,0,0,0,0,0,0,0,0,0,0,0,0,0,0,0,0,0,0,0,0,0,0,0,0,0,0,0,0,0,0,0,0,0,0,0,0,0,0,0,0,0,0,0,0,0,0,0,0,0,0,0,0,0,0,0,0,0,0,0,0,0,0,0,0,0,0,0,0,0,0,0,0,0,0,0,0,0,0,0,0,0,0,0,0,0,0,0,0,0,0,0,0,0,0,0,0,0,0,0,0,0,0,0,0,0,0,0,0,0,0,0,0,0,0,0,0,0,0,0,0,3,3,0,0,0,0,0,0,0,0,0,0,0,0,0,0,0,0,0,0,0,0,0,0,0,9,51,72,56,74,151,126,62,0,0,0,0,0,0,0,0,0,0,0,0,0,0,0,0,0,0,0,12,50,146,196,202,251,242,253,234,93,0,0,0,0,0,0,0,0,0,0,0,0,0,0,0,0,0,34,100,201,239,253,253,253,253,253,241,142,0,0,0,0,0,0,0,0,0,0,0,0,0,3,19,22,71,159,240,251,253,253,253,253,253,242,142,40,0,0,0,0,0,0,0,0,0,0,2,5,53,94,140,228,216,246,253,253,253,252,249,251,229,158,47,4,0,0,0,0,0,0,0,0,0,10,41,36,165,218,240,252,253,253,253,253,248,224,178,104,86,28,0,0,0,0,0,0,0,0,0,0,16,105,197,236,249,253,253,253,253,253,251,253,184,106,33,11,7,0,0,0,0,0,0,0,0,0,4,13,98,226,253,253,253,253,253,253,249,222,228,128,50,6,0,0,0,0,0,0,0,0,0,0,0,0,45,146,213,253,253,253,253,252,249,221,156,103,65,16,1,0,0,0,0,0,0,0,0,0,0,0,0,22,136,235,251,253,253,253,253,228,173,87,33,3,0,0,0,0,0,0,0,0,0,0,0,0,0,0,30,127,246,253,253,252,252,250,199,115,11,6,0,0,0,0,0,0,0,0,0,0,0,0,0,0,0,0,109,216,253,253,253,250,214,133,61,7,0,0,0,0,0,0,0,0,0,0,0,0,0,0,0,0,0,0,181,250,253,253,253,241,101,19,1,0,0,0,0,0,0,0,0,0,0,0,0,0,0,0,0,0,0,7,144,253,253,253,253,236,38,0,0,0,0,0,0,0,0,0,0,0,0,0,0,0,0,0,0,0,0,10,80,222,253,253,249,203,0,0,0,0,0,0,0,0,0,0,0,0,0,0,0,0,0,0,0,0,0,3,25,117,233,253,221,131,0,0,0,0,0,0,0,0,0,0,0,0,0,0,0,0,0,0,0,0,0,0,0,0,30,96,92,29,0,0,0,0,0,0,0,0,0,0,0,0,0,0,0,0,0,0,0,0,0,0,0,0,0,0,0,0,0,0,0,0,0,0,0,0,0,0,0,0,0,0,0,0,0,0,0,0,0,0,0,0,0,0,0,0,0,0,0,0,0,0,0,0,0,0,0,0,0,0,0,0,0,0,0,0,0,0,0,0,0,0,0,0,0,0,0,0,0,0,0,0,0,0,0,0,0,0,0,0,0,0,0,0,0,0,0,0,0,0,0,0,0,0,0,0,0,0,0,0,0,0,0,0,0,0,0,0,0,0,0,1
0,0,0,0,0,0,0,0,0,0,0,0,0,0,0,0,0,0,0,0,0,0,0,0,0,0,0,0,0,0,0,0,0,0,0,0,0,0,0,0,0,0,0,0,0,0,0,0,0,0,0,0,0,0,0,0,0,0,0,0,0,0,0,0,0,0,0,0,0,0,0,0,0,0,0,0,0,0,0,0,0,0,0,0,0,0,0,0,0,0,0,0,0,0,0,0,0,0,0,0,0,0,0,0,0,0,0,0,0,0,0,0,0,0,0,0,0,0,0,0,0,0,0,0,0,0,0,0,0,0,0,0,0,0,0,0,0,0,0,0,0,0,0,0,0,0,0,0,0,0,0,0,0,0,0,4,37,98,61,7,0,0,0,0,0,0,0,0,0,0,0,0,0,0,0,0,0,0,0,0,0,0,0,36,136,236,236,130,3,0,0,0,0,0,0,0,0,0,0,0,0,0,0,0,0,0,0,0,0,0,13,122,217,253,253,192,54,0,0,0,0,0,0,0,0,0,0,0,0,0,0,0,0,0,0,0,0,0,27,181,244,253,249,94,16,0,0,0,0,0,0,0,0,0,0,0,0,0,0,0,0,0,0,0,0,5,78,245,252,251,197,23,1,0,0,0,0,0,0,0,0,0,0,0,0,0,0,0,0,0,0,0,0,19,117,253,251,204,29,0,0,0,0,0,0,0,0,0,0,0,0,0,0,0,0,0,0,0,0,0,7,49,155,253,250,146,0,0,0,0,0,0,0,0,0,0,0,0,0,0,0,0,0,0,0,0,0,0,52,175,240,253,229,88,0,0,0,0,0,0,0,0,0,0,0,0,0,0,0,0,0,0,0,0,0,0,154,243,252,253,164,29,0,0,0,0,0,0,0,0,0,0,0,0,0,0,0,0,0,0,0,0,0,35,230,253,252,236,90,0,0,0,0,0,0,0,0,0,0,0,0,0,0,0,0,0,0,0,0,0,3,87,236,253,238,162,32,0,0,0,0,0,0,0,0,0,0,0,0,0,0,0,0,0,0,0,0,0,48,163,245,252,178,66,0,0,0,0,0,0,0,0,0,0,0,0,0,0,0,0,0,0,0,0,0,0,162,235,253,251,133,26,0,0,0,0,0,0,0,0,0,0,0,0,0,0,0,0,0,0,0,0,6,109,251,252,253,206,32,3,0,0,0,0,0,0,0,0,0,0,0,0,0,0,0,0,0,0,0,0,34,159,253,248,209,65,0,0,0,0,0,0,0,0,0,0,0,0,0,0,0,0,0,0,0,0,0,5,77,198,253,227,120,7,0,0,0,0,0,0,0,0,0,0,0,0,0,0,0,0,0,0,0,0,0,39,182,245,253,189,69,0,0,0,0,0,0,0,0,0,0,0,0,0,0,0,0,0,0,0,0,0,0,108,239,253,253,106,16,0,0,0,0,0,0,0,0,0,0,0,0,0,0,0,0,0,0,0,0,0,1,35,253,250,217,38,0,0,0,0,0,0,0,0,0,0,0,0,0,0,0,0,0,0,0,0,0,0,0,0,21,70,78,11,0,0,0,0,0,0,0,0,0,0,0,0,0,0,0,0,0,0,0,0,0,0,0,0,0,0,0,0,0,0,0,0,0,0,0,0,0,0,0,0,0,0,0,0,0,0,0,0,0,0,0,0,0,0,0,0,0,0,0,0,0,0,0,0,0,0,0,0,0,0,0,0,0,0,0,0,0,0,0,0,0,0,0,0,0,0,0,0,0,0,0,0,0,0,0,0,0,0,0,0,1
0,0,0,0,0,0,0,0,0,0,0,0,0,0,0,0,0,0,0,0,0,0,0,0,0,0,0,0,0,0,0,0,0,0,0,0,0,0,0,0,0,0,0,0,0,0,0,0,0,0,0,0,0,0,0,0,0,0,0,0,0,0,0,0,0,0,0,0,0,0,0,0,0,0,0,0,0,0,0,0,0,0,0,0,0,0,0,0,0,0,0,0,0,0,0,0,0,0,0,0,0,0,0,0,0,0,0,0,0,0,0,0,0,0,0,0,0,0,0,0,0,0,0,0,0,0,0,0,0,0,0,0,0,0,0,0,0,0,0,0,0,0,0,0,0,0,0,0,0,0,0,0,0,0,0,0,0,0,0,4,48,136,160,78,3,0,0,0,0,0,0,0,0,0,0,0,0,0,0,0,0,0,0,0,0,0,33,64,162,235,249,121,8,0,0,0,0,0,0,0,0,0,0,0,0,0,0,0,0,0,0,0,0,0,134,232,251,252,198,61,3,0,0,0,0,0,0,0,0,0,0,0,0,0,0,0,0,0,0,0,0,28,209,251,253,210,73,8,0,0,0,0,0,0,0,0,0,0,0,0,0,0,0,0,0,0,0,6,53,157,241,250,232,95,3,0,0,0,0,0,0,0,0,0,0,0,0,0,0,0,0,0,0,0,15,80,174,245,253,208,94,20,0,0,0,0,0,0,0,0,0,0,0,0,0,0,0,0,0,0,0,15,90,191,241,249,239,143,24,1,0,0,0,0,0,0,0,0,0,0,0,0,0,0,0,0,0,0,2,112,217,246,253,215,152,58,5,0,0,0,0,0,0,0,0,0,0,0,0,0,0,0,0,0,0,5,50,189,247,253,210,109,17,0,0,0,0,0,0,0,0,0,0,0,0,0,0,0,0,0,0,0,7,61,194,253,253,242,100,7,0,0,0,0,0,0,0,0,0,0,0,0,0,0,0,0,0,0,0,17,82,177,253,252,232,149,24,0,0,0,0,0,0,0,0,0,0,0,0,0,0,0,0,0,0,0,0,69,182,247,253,229,133,35,3,0,0,0,0,0,0,0,0,0,0,0,0,0,0,0,0,0,0,0,16,154,236,253,233,183,63,1,0,0,0,0,0,0,0,0,0,0,0,0,0,0,0,0,0,0,0,9,141,232,252,247,120,28,7,0,0,0,0,0,0,0,0,0,0,0,0,0,0,0,0,0,0,0,5,44,243,253,252,205,41,1,0,0,0,0,0,0,0,0,0,0,0,0,0,0,0,0,0,0,0,14,74,202,253,247,204,85,0,0,0,0,0,0,0,0,0,0,0,0,0,0,0,0,0,0,0,0,0,50,179,253,253,223,118,2,0,0,0,0,0,0,0,0,0,0,0,0,0,0,0,0,0,0,0,0,0,32,151,253,208,115,37,0,0,0,0,0,0,0,0,0,0,0,0,0,0,0,0,0,0,0,0,0,0,0,0,3,34,16,0,0,0,0,0,0,0,0,0,0,0,0,0,0,0,0,0,0,0,0,0,0,0,0,0,0,0,0,0,0,0,0,0,0,0,0,0,0,0,0,0,0,0,0,0,0,0,0,0,0,0,0,0,0,0,0,0,0,0,0,0,0,0,0,0,0,0,0,0,0,0,0,0,0,0,0,0,0,0,0,0,0,0,0,0,0,0,0,0,0,0,0,0,0,0,0,0,0,0,0,0,0,0,0,0,0,0,0,0,0,0,0,0,0,0,0,0,0,0,0,0,0,0,0,0,0,0,0,0,0,1
0,0,0,0,0,0,0,0,0,0,0,0,0,0,0,0,0,0,0,0,0,0,0,0,0,0,0,0,0,0,0,0,0,0,0,0,0,0,0,0,0,0,0,0,0,0,0,0,0,0,0,0,0,0,0,0,0,0,0,0,0,0,0,0,0,0,0,0,0,0,0,0,0,0,0,0,0,0,0,0,0,0,0,0,0,0,0,0,0,0,0,0,0,0,0,0,0,0,0,0,0,0,0,0,0,0,0,0,0,0,0,0,0,0,0,0,0,0,0,0,0,0,0,0,0,0,0,0,0,22,84,53,7,0,0,0,0,0,0,0,0,0,0,0,0,0,0,0,0,0,0,0,0,0,0,0,8,122,224,155,29,0,0,0,0,0,0,0,0,0,0,0,0,0,0,0,0,0,0,0,0,0,0,0,76,225,250,160,16,0,0,0,0,0,0,0,0,0,0,0,0,0,0,0,0,0,0,0,0,0,0,13,166,251,233,94,0,0,0,0,0,0,0,0,0,0,0,0,0,0,0,0,0,0,0,0,0,0,23,123,235,230,135,16,0,0,0,0,0,0,0,0,0,0,0,0,0,0,0,0,0,0,0,0,0,0,42,164,253,191,50,0,0,0,0,0,0,0,0,0,0,0,0,0,0,0,0,0,0,0,0,0,0,0,68,192,243,144,27,0,0,0,0,0,0,0,0,0,0,0,0,0,0,0,0,0,0,0,0,0,0,4,146,238,191,71,5,0,0,0,0,0,0,0,0,0,0,0,0,0,0,0,0,0,0,0,0,0,0,68,209,239,96,16,0,0,0,0,0,0,0,0,0,0,0,0,0,0,0,0,0,0,0,0,0,0,0,185,247,232,27,0,0,0,0,0,0,0,0,0,0,0,0,0,0,0,0,0,0,0,0,0,0,1,26,213,250,210,0,0,0,0,0,0,0,0,0,0,0,0,0,0,0,0,0,0,0,0,0,0,0,12,92,240,226,112,0,0,0,0,0,0,0,0,0,0,0,0,0,0,0,0,0,0,0,0,0,0,0,37,147,252,195,60,0,0,0,0,0,0,0,0,0,0,0,0,0,0,0,0,0,0,0,0,0,0,10,103,215,250,134,10,0,0,0,0,0,0,0,0,0,0,0,0,0,0,0,0,0,0,0,0,0,0,29,176,250,185,60,0,0,0,0,0,0,0,0,0,0,0,0,0,0,0,0,0,0,0,0,0,0,0,37,209,252,163,33,0,0,0,0,0,0,0,0,0,0,0,0,0,0,0,0,0,0,0,0,0,0,0,77,239,252,128,11,0,0,0,0,0,0,0,0,0,0,0,0,0,0,0,0,0,0,0,0,0,0,12,151,252,238,21,0,0,0,0,0,0,0,0,0,0,0,0,0,0,0,0,0,0,0,0,0,0,0,36,180,249,202,17,0,0,0,0,0,0,0,0,0,0,0,0,0,0,0,0,0,0,0,0,0,0,0,27,117,176,126,8,0,0,0,0,0,0,0,0,0,0,0,0,0,0,0,0,0,0,0,0,0,0,0,0,0,0,0,0,0,0,0,0,0,0,0,0,0,0,0,0,0,0,0,0,0,0,0,0,0,0,0,0,0,0,0,0,0,0,0,0,0,0,0,0,0,0,0,0,0,0,0,0,0,0,0,0,0,0,0,0,0,0,0,0,0,0,0,0,0,0,0,0,0,0,0,0,0,0,0,0,0,0,0,0,0,0,0,0,0,0,0,0,0,0,0,0,0,0,0,0,0,0,0,0,0,0,1
0,0,0,0,0,0,0,0,0,0,0,0,0,0,0,0,0,0,0,0,0,0,0,0,0,0,0,0,0,0,0,0,0,0,0,0,0,0,0,0,0,0,0,0,0,0,0,0,0,0,0,0,0,0,0,0,0,0,0,0,0,0,0,0,0,0,0,0,0,0,0,0,0,0,0,0,0,0,0,0,0,0,0,0,0,0,0,0,0,0,0,0,0,0,0,0,0,0,0,0,0,0,0,0,0,0,0,0,0,0,0,0,0,0,0,0,0,0,0,0,0,0,0,0,0,0,0,0,3,44,154,72,0,0,0,0,0,0,0,0,0,0,0,0,0,0,0,0,0,0,0,0,0,0,0,0,30,145,214,77,0,0,0,0,0,0,0,0,0,0,0,0,0,0,0,0,0,0,0,0,0,0,0,12,90,214,221,96,0,0,0,0,0,0,0,0,0,0,0,0,0,0,0,0,0,0,0,0,0,0,2,89,210,246,230,117,0,0,0,0,0,0,0,0,0,0,0,0,0,0,0,0,0,0,0,0,0,0,4,132,249,253,176,56,0,0,0,0,0,0,0,0,0,0,0,0,0,0,0,0,0,0,0,0,0,0,24,167,253,253,131,19,0,0,0,0,0,0,0,0,0,0,0,0,0,0,0,0,0,0,0,0,0,4,116,223,253,222,90,11,0,0,0,0,0,0,0,0,0,0,0,0,0,0,0,0,0,0,0,0,0,97,215,249,238,104,25,2,0,0,0,0,0,0,0,0,0,0,0,0,0,0,0,0,0,0,0,0,18,215,251,252,231,36,0,0,0,0,0,0,0,0,0,0,0,0,0,0,0,0,0,0,0,0,0,0,146,248,252,226,94,5,0,0,0,0,0,0,0,0,0,0,0,0,0,0,0,0,0,0,0,0,0,8,160,252,248,152,10,0,0,0,0,0,0,0,0,0,0,0,0,0,0,0,0,0,0,0,0,0,7,55,177,251,214,17,0,0,0,0,0,0,0,0,0,0,0,0,0,0,0,0,0,0,0,0,0,5,58,196,235,250,192,0,0,0,0,0,0,0,0,0,0,0,0,0,0,0,0,0,0,0,0,0,0,29,136,245,252,226,121,0,0,0,0,0,0,0,0,0,0,0,0,0,0,0,0,0,0,0,0,0,4,71,195,253,240,169,45,0,0,0,0,0,0,0,0,0,0,0,0,0,0,0,0,0,0,0,0,0,26,132,233,253,167,43,2,0,0,0,0,0,0,0,0,0,0,0,0,0,0,0,0,0,0,0,0,0,84,203,253,242,107,2,0,0,0,0,0,0,0,0,0,0,0,0,0,0,0,0,0,0,0,0,0,0,143,239,232,166,51,1,0,0,0,0,0,0,0,0,0,0,0,0,0,0,0,0,0,0,0,0,0,0,162,243,145,33,1,0,0,0,0,0,0,0,0,0,0,0,0,0,0,0,0,0,0,0,0,0,0,0,100,158,44,3,0,0,0,0,0,0,0,0,0,0,0,0,0,0,0,0,0,0,0,0,0,0,0,0,0,0,0,0,0,0,0,0,0,0,0,0,0,0,0,0,0,0,0,0,0,0,0,0,0,0,0,0,0,0,0,0,0,0,0,0,0,0,0,0,0,0,0,0,0,0,0,0,0,0,0,0,0,0,0,0,0,0,0,0,0,0,0,0,0,0,0,0,0,0,0,0,0,0,0,0,0,0,0,0,0,0,0,0,0,0,0,0,0,0,0,0,0,0,0,0,0,0,0,0,0,0,0,0,1
0,0,0,0,0,0,0,0,0,0,0,0,0,0,0,0,0,0,0,0,0,0,0,0,0,0,0,0,0,0,0,0,0,0,0,0,0,0,0,0,0,0,0,0,0,0,0,0,0,0,0,0,0,0,0,0,0,0,0,0,0,0,0,0,0,0,0,0,0,0,0,0,0,0,0,0,0,0,0,0,0,0,0,0,0,0,0,0,0,0,0,0,0,0,0,110,117,10,0,0,0,0,0,0,0,0,0,0,0,0,0,0,0,0,0,0,0,0,0,0,0,0,0,121,168,30,0,0,0,0,0,0,0,0,0,0,0,0,0,0,0,0,0,0,0,0,0,0,0,0,0,116,198,55,0,0,0,0,0,0,0,0,0,0,0,0,0,0,0,0,0,0,0,0,0,0,0,0,0,108,208,95,9,0,0,0,0,10,7,0,0,0,0,0,0,0,0,0,0,0,0,0,0,0,0,0,0,85,206,139,26,0,0,0,0,34,31,0,0,0,0,0,0,0,0,0,0,0,0,0,0,0,0,0,0,96,228,201,73,0,0,0,0,22,22,0,0,0,0,0,0,0,0,0,0,0,0,0,0,0,0,0,0,84,227,186,51,0,0,0,0,1,1,0,0,0,0,0,0,0,0,0,0,0,0,0,0,0,0,0,0,61,212,219,100,0,0,0,0,10,30,0,0,0,0,0,0,0,0,0,0,0,0,0,0,0,0,0,0,51,235,229,112,0,0,0,0,16,67,0,0,0,0,0,0,0,0,0,0,0,0,0,0,0,0,0,0,33,238,239,124,0,0,0,0,10,82,0,0,0,0,0,0,0,0,0,0,0,0,0,0,0,0,0,0,12,237,248,113,0,0,0,0,2,90,0,0,0,0,0,0,0,0,0,0,0,0,0,0,0,0,0,0,0,227,253,95,4,0,0,0,1,91,7,0,0,0,0,0,0,0,0,0,0,0,0,0,0,0,0,0,0,206,251,121,14,0,0,0,8,116,22,0,0,0,0,0,0,0,0,0,0,0,0,0,0,0,0,0,0,185,250,168,32,0,0,0,25,132,40,0,0,0,0,0,0,0,0,0,0,0,0,0,0,0,0,0,0,146,239,177,44,0,0,0,34,126,54,0,0,0,0,0,0,0,0,0,0,0,0,0,0,0,0,0,0,125,235,188,57,0,0,0,16,66,36,0,0,0,0,0,0,0,0,0,0,0,0,0,0,0,0,0,0,121,244,196,69,0,0,0,0,10,8,0,0,0,0,0,0,0,0,0,0,0,0,0,0,0,0,0,0,103,243,206,82,0,0,0,0,0,0,0,0,0,0,0,0,0,0,0,0,0,0,0,0,0,0,0,19,124,247,213,84,0,0,0,0,0,0,0,0,0,0,0,0,0,0,0,0,0,0,0,0,0,0,0,14,94,211,161,23,0,0,0,0,0,0,0,0,0,0,0,0,0,0,0,0,0,0,0,0,0,0,0,2,12,16,0,0,0,0,0,0,0,0,0,0,0,0,0,0,0,0,0,0,0,0,0,0,0,0,0,0,0,0,0,0,0,0,0,0,0,0,0,0,0,0,0,0,0,0,0,0,0,0,0,0,0,0,0,0,0,0,0,0,0,0,0,0,0,0,0,0,0,0,0,0,0,0,0,0,0,0,0,0,0,0,0,0,0,0,0,0,0,0,0,0,0,0,0,0,0,0,0,0,0,0,0,0,0,0,0,0,0,0,0,0,0,0,0,0,0,0,0,0,0,0,0,0,0,0,0,0,1
0,0,0,0,0,0,0,0,0,0,0,0,0,0,0,0,0,0,0,0,0,0,0,0,0,0,0,0,0,0,0,0,0,0,0,0,0,0,0,0,0,0,0,0,0,0,0,0,0,0,0,0,0,0,0,0,0,0,0,0,0,0,0,0,0,0,0,0,0,0,0,0,0,0,0,0,0,0,0,0,0,0,0,0,0,0,0,0,0,0,0,0,0,0,0,0,0,0,0,0,0,0,0,0,0,0,0,0,0,0,0,0,0,0,0,0,0,0,0,0,0,1,31,107,103,0,0,0,0,0,0,0,0,0,0,0,0,0,0,0,0,0,0,0,0,0,0,0,0,10,86,218,183,16,0,0,0,0,0,0,0,0,0,0,0,0,0,0,0,0,0,0,0,0,0,0,0,6,82,245,239,80,0,0,0,0,0,0,0,0,0,0,0,0,0,0,0,0,0,0,0,0,0,0,0,0,22,214,250,143,18,0,0,0,0,0,0,0,0,0,0,0,0,0,0,0,0,0,0,0,0,0,0,0,0,108,225,233,88,14,0,0,0,0,0,0,0,0,0,0,0,0,0,0,0,0,0,0,0,0,0,0,0,19,168,251,178,54,0,0,0,0,0,0,0,0,0,0,0,0,0,0,0,0,0,0,0,0,0,0,0,0,126,252,211,88,0,0,0,0,0,0,0,0,0,0,0,0,0,0,0,0,0,0,0,0,0,0,0,0,62,190,225,127,7,0,0,0,0,0,0,0,0,0,0,0,0,0,0,0,0,0,0,0,0,0,0,0,20,119,252,210,30,0,0,0,0,0,0,0,0,0,0,0,0,0,0,0,0,0,0,0,0,0,0,0,3,48,252,242,79,0,0,0,0,0,0,0,0,0,0,0,0,0,0,0,0,0,0,0,0,0,0,0,0,27,235,252,149,14,0,0,0,0,0,0,0,0,0,0,0,0,0,0,0,0,0,0,0,0,0,0,0,23,204,252,181,41,0,0,0,0,0,0,0,0,0,0,0,0,0,0,0,0,0,0,0,0,0,0,0,19,173,251,231,86,0,0,0,0,0,0,0,0,0,0,0,0,0,0,0,0,0,0,0,0,0,0,0,11,129,242,252,131,0,0,0,0,0,0,0,0,0,0,0,0,0,0,0,0,0,0,0,0,0,0,0,8,100,238,252,177,44,36,0,0,0,0,0,0,0,0,0,0,0,0,0,0,0,0,0,0,0,0,0,4,61,217,252,228,136,66,0,0,0,0,0,0,0,0,0,0,0,0,0,0,0,0,0,0,0,0,0,0,15,176,252,250,212,42,0,0,0,0,0,0,0,0,0,0,0,0,0,0,0,0,0,0,0,0,0,0,0,154,245,252,211,27,0,0,0,0,0,0,0,0,0,0,0,0,0,0,0,0,0,0,0,0,0,0,0,92,199,243,149,24,0,0,0,0,0,0,0,0,0,0,0,0,0,0,0,0,0,0,0,0,0,0,0,4,76,131,61,7,0,0,0,0,0,0,0,0,0,0,0,0,0,0,0,0,0,0,0,0,0,0,0,0,0,0,0,0,0,0,0,0,0,0,0,0,0,0,0,0,0,0,0,0,0,0,0,0,0,0,0,0,0,0,0,0,0,0,0,0,0,0,0,0,0,0,0,0,0,0,0,0,0,0,0,0,0,0,0,0,0,0,0,0,0,0,0,0,0,0,0,0,0,0,0,0,0,0,0,0,0,0,0,0,0,0,0,0,0,0,0,0,0,0,0,0,0,0,0,0,1
0,0,0,0,0,0,0,0,0,0,0,0,0,0,0,0,0,0,0,0,0,0,0,0,0,0,0,0,0,0,0,0,0,0,0,0,0,0,0,0,0,0,0,0,0,0,0,0,0,0,0,0,0,0,0,0,0,0,0,0,0,0,0,0,0,0,0,0,0,0,0,0,0,0,0,0,0,0,0,0,0,0,0,0,0,0,0,0,0,0,0,0,0,0,0,0,0,0,12,87,106,34,2,0,0,0,0,0,0,0,0,0,0,0,0,0,0,0,0,0,0,0,0,0,0,0,50,190,228,129,30,0,0,0,0,0,0,0,0,0,0,0,0,0,0,0,0,0,0,0,0,0,0,0,62,188,238,128,4,0,0,0,0,0,0,0,0,0,0,0,0,0,0,0,0,0,0,0,0,0,0,0,41,176,226,101,0,0,0,0,0,0,0,0,0,0,0,0,0,0,0,0,0,0,0,0,0,0,0,0,33,201,238,63,0,0,0,0,0,0,0,0,0,0,0,0,0,0,0,0,0,0,0,0,0,0,0,0,70,236,238,47,2,0,0,0,0,0,0,0,0,0,0,0,0,0,0,0,0,0,0,0,0,0,0,0,88,222,191,45,0,0,0,0,0,0,0,0,0,0,0,0,0,0,0,0,0,0,0,0,0,0,0,2,115,230,172,48,0,0,0,0,0,0,0,0,0,0,0,0,0,0,0,0,0,0,0,0,0,0,0,34,158,249,168,30,0,0,0,0,0,0,0,0,0,0,0,0,0,0,0,0,0,0,0,0,0,0,0,36,176,238,137,5,0,0,0,0,0,0,0,0,0,0,0,0,0,0,0,0,0,0,0,0,0,0,3,59,247,245,103,0,0,0,0,0,0,0,0,0,0,0,0,0,0,0,0,0,0,0,0,0,0,0,0,93,240,241,82,6,0,0,0,0,0,0,0,0,0,0,0,0,0,0,0,0,0,0,0,0,0,0,0,129,235,201,57,2,0,0,0,0,0,0,0,0,0,0,0,0,0,0,0,0,0,0,0,0,0,0,30,165,251,174,45,0,0,0,0,0,0,0,0,0,0,0,0,0,0,0,0,0,0,0,0,0,0,0,43,168,252,164,21,0,0,0,0,0,0,0,0,0,0,0,0,0,0,0,0,0,0,0,0,0,0,1,46,206,235,129,2,0,0,0,0,0,0,0,0,0,0,0,0,0,0,0,0,0,0,0,0,0,0,3,67,246,249,115,0,0,0,0,0,0,0,0,0,0,0,0,0,0,0,0,0,0,0,0,0,0,0,0,103,238,245,81,7,0,0,0,0,0,0,0,0,0,0,0,0,0,0,0,0,0,0,0,0,0,0,5,144,242,193,50,0,0,0,0,0,0,0,0,0,0,0,0,0,0,0,0,0,0,0,0,0,0,0,31,166,251,179,49,0,0,0,0,0,0,0,0,0,0,0,0,0,0,0,0,0,0,0,0,0,0,0,55,193,250,173,20,0,0,0,0,0,0,0,0,0,0,0,0,0,0,0,0,0,0,0,0,0,0,0,24,85,62,15,0,0,0,0,0,0,0,0,0,0,0,0,0,0,0,0,0,0,0,0,0,0,0,0,0,0,0,0,0,0,0,0,0,0,0,0,0,0,0,0,0,0,0,0,0,0,0,0,0,0,0,0,0,0,0,0,0,0,0,0,0,0,0,0,0,0,0,0,0,0,0,0,0,0,0,0,0,0,0,0,0,0,0,0,0,0,0,0,0,0,0,0,0,0,0,0,0,1
0,0,0,0,0,0,0,0,0,0,0,0,0,0,0,0,0,0,0,0,0,0,0,0,0,0,0,0,0,0,0,0,0,0,0,0,0,0,0,0,0,0,0,0,0,0,0,0,0,0,0,0,0,0,0,0,0,0,0,0,0,0,0,0,0,0,0,0,0,0,0,0,0,0,38,73,2,0,0,0,0,0,0,0,0,0,0,0,0,0,0,0,0,0,0,0,0,0,0,0,0,23,200,212,3,0,0,0,0,0,0,0,0,0,0,0,0,0,0,0,0,0,0,0,0,0,0,0,0,116,240,166,23,0,0,0,0,0,0,0,0,0,0,0,0,0,0,0,0,0,0,0,0,0,0,0,22,177,240,118,17,0,0,0,0,0,0,0,0,0,0,0,0,0,0,0,0,0,0,0,0,0,0,2,69,202,185,51,0,0,0,0,0,0,0,0,0,0,0,0,0,0,0,0,0,0,0,0,0,0,0,15,113,232,142,11,0,0,0,0,0,0,0,0,0,0,0,0,0,0,0,0,0,0,0,0,0,0,0,21,174,239,19,0,0,0,0,0,0,0,0,0,0,0,0,0,0,0,0,0,0,0,0,0,0,0,0,80,222,162,23,0,0,0,0,0,0,0,0,0,0,0,0,0,0,0,0,0,0,0,0,0,0,0,17,166,211,87,4,0,0,0,0,0,0,0,0,0,0,0,0,0,0,0,0,0,0,0,0,0,0,9,83,205,187,57,0,0,0,0,0,0,0,0,0,0,0,0,0,0,0,0,0,0,0,0,0,0,0,12,115,224,122,14,0,0,0,0,0,0,0,0,0,0,0,0,0,0,0,0,0,0,0,0,0,0,5,69,227,239,53,0,0,0,0,0,0,0,0,0,0,0,0,0,0,0,0,0,0,0,0,0,0,0,0,56,232,216,44,2,0,0,0,0,0,0,0,0,0,0,0,0,0,0,0,0,0,0,0,0,0,0,0,138,238,135,24,0,0,0,0,0,0,0,0,0,0,0,0,0,0,0,0,0,0,0,0,0,0,2,50,178,206,81,5,0,0,0,0,0,0,0,0,0,0,0,0,0,0,0,0,0,0,0,0,0,0,14,106,236,187,22,0,0,0,0,0,0,0,0,0,0,0,0,0,0,0,0,0,0,0,0,0,0,1,41,191,244,114,0,0,0,0,0,0,0,0,0,0,0,0,0,0,0,0,0,0,0,0,0,0,0,2,106,239,194,33,0,0,0,0,0,0,0,0,0,0,0,0,0,0,0,0,0,0,0,0,0,0,0,28,172,221,114,14,0,0,0,0,0,0,0,0,0,0,0,0,0,0,0,0,0,0,0,0,0,0,8,94,217,196,66,1,0,0,0,0,0,0,0,0,0,0,0,0,0,0,0,0,0,0,0,0,0,0,17,128,241,147,18,0,0,0,0,0,0,0,0,0,0,0,0,0,0,0,0,0,0,0,0,0,0,4,62,227,232,73,0,0,0,0,0,0,0,0,0,0,0,0,0,0,0,0,0,0,0,0,0,0,0,0,47,221,167,32,1,0,0,0,0,0,0,0,0,0,0,0,0,0,0,0,0,0,0,0,0,0,0,0,6,0,0,0,0,0,0,0,0,0,0,0,0,0,0,0,0,0,0,0,0,0,0,0,0,0,0,0,0,0,0,0,0,0,0,0,0,0,0,0,0,0,0,0,0,0,0,0,0,0,0,0,0,0,0,0,0,0,0,0,0,0,0,0,0,0,0,0,0,0,0,0,0,0,0,1
0,0,0,0,0,0,0,0,0,0,0,0,0,0,0,0,0,0,0,0,0,0,0,0,0,0,0,0,0,0,0,0,0,0,0,0,0,0,0,0,0,0,0,0,0,0,0,0,0,0,0,0,0,0,0,0,0,0,0,0,0,0,0,0,0,0,0,0,0,0,0,0,0,0,0,0,0,0,0,0,0,0,0,0,0,0,0,0,0,0,0,0,0,0,0,0,0,0,0,0,0,0,0,0,0,0,0,0,0,0,0,0,0,0,0,0,0,0,0,0,0,0,0,0,0,0,0,0,0,0,0,0,0,0,0,0,0,0,0,0,0,0,0,0,0,0,0,0,0,0,0,0,0,40,89,40,0,0,0,0,0,0,0,0,0,0,0,0,0,0,0,0,0,0,0,0,0,0,0,2,135,251,249,170,35,1,0,0,0,0,0,0,0,0,0,0,0,0,0,0,0,0,0,0,0,0,0,8,159,245,253,209,73,2,0,0,0,0,0,0,0,0,0,0,0,0,0,0,0,0,0,0,0,0,0,33,164,253,244,160,22,0,0,0,0,0,0,0,0,0,0,0,0,0,0,0,0,0,0,0,0,0,0,32,164,253,238,103,1,0,0,0,0,0,0,0,0,0,0,0,0,0,0,0,0,0,0,0,0,0,0,28,214,252,241,58,2,0,0,0,0,0,0,0,0,0,0,0,0,0,0,0,0,0,0,0,0,0,0,81,218,253,216,77,0,0,0,0,0,0,0,0,0,0,0,0,0,0,0,0,0,0,0,0,0,0,0,84,211,253,222,98,0,0,0,0,0,0,0,0,0,0,0,0,0,0,0,0,0,0,0,0,0,0,0,51,231,253,234,56,0,0,0,0,0,0,0,0,0,0,0,0,0,0,0,0,0,0,0,0,0,0,0,19,234,253,253,49,0,0,0,0,0,0,0,0,0,0,0,0,0,0,0,0,0,0,0,0,0,0,0,13,174,253,248,96,0,0,0,0,0,0,0,0,0,0,0,0,0,0,0,0,0,0,0,0,0,0,0,8,114,253,220,108,0,0,0,0,0,0,0,0,0,0,0,0,0,0,0,0,0,0,0,0,0,0,0,3,53,253,245,148,0,0,0,0,0,0,0,0,0,0,0,0,0,0,0,0,0,0,0,0,0,0,0,0,17,218,253,176,38,0,0,0,0,0,0,0,0,0,0,0,0,0,0,0,0,0,0,0,0,0,0,0,12,158,253,201,78,0,0,0,0,0,0,0,0,0,0,0,0,0,0,0,0,0,0,0,0,0,0,0,7,97,253,225,107,0,0,0,0,0,0,0,0,0,0,0,0,0,0,0,0,0,0,0,0,0,0,0,2,34,238,252,136,8,0,0,0,0,0,0,0,0,0,0,0,0,0,0,0,0,0,0,0,0,0,0,0,5,145,233,182,49,0,0,0,0,0,0,0,0,0,0,0,0,0,0,0,0,0,0,0,0,0,0,0,0,91,213,208,89,0,0,0,0,0,0,0,0,0,0,0,0,0,0,0,0,0,0,0,0,0,0,0,0,46,188,199,119,0,0,0,0,0,0,0,0,0,0,0,0,0,0,0,0,0,0,0,0,0,0,0,0,0,40,79,63,3,0,0,0,0,0,0,0,0,0,0,0,0,0,0,0,0,0,0,0,0,0,0,0,0,1,0,0,0,0,0,0,0,0,0,0,0,0,0,0,0,0,0,0,0,0,0,0,0,0,0,0,0,0,0,0,0,0,0,0,0,0,0,0,0,0,1
0,0,0,0,0,0,0,0,0,0,0,0,0,0,0,0,0,0,0,0,0,0,0,0,0,0,0,0,0,0,0,0,0,0,0,0,0,0,0,0,0,0,0,0,0,0,0,0,0,0,0,0,0,0,0,0,0,0,0,0,0,0,0,0,0,0,0,0,0,0,0,0,0,0,0,0,0,0,0,0,0,0,0,0,0,0,0,0,0,0,0,0,0,0,0,0,0,0,12,33,108,104,23,0,0,0,0,0,0,0,0,0,0,0,0,0,0,0,0,0,0,0,0,0,0,19,107,205,230,222,120,29,0,0,0,0,0,0,0,0,0,0,0,0,0,0,0,0,0,0,0,0,32,124,215,237,234,249,205,64,2,0,0,0,0,0,0,0,0,0,0,0,0,0,0,0,0,0,0,11,94,246,247,144,91,215,252,105,10,0,0,0,0,0,0,0,0,0,0,0,0,0,0,0,0,0,0,34,146,249,203,79,20,143,245,160,0,0,0,0,0,0,0,0,0,0,0,0,0,0,0,0,0,0,0,40,153,189,97,12,12,129,233,125,0,0,0,0,0,0,0,0,0,0,0,0,0,0,0,0,0,0,0,10,71,41,6,0,11,173,245,107,10,0,0,0,0,0,0,0,0,0,0,0,0,0,0,0,0,0,0,0,0,0,0,0,4,166,248,83,7,0,0,0,0,0,0,0,0,0,0,0,0,0,0,0,0,0,0,0,0,0,0,4,59,191,216,60,0,0,0,0,0,0,0,0,0,0,0,0,0,0,0,0,0,0,0,0,0,0,0,13,141,246,170,41,0,0,0,0,0,0,0,0,0,0,0,0,0,0,0,0,0,0,0,0,0,0,0,85,214,218,70,10,0,0,0,0,0,0,0,0,0,0,0,0,0,0,0,0,0,0,0,0,0,2,36,214,251,203,5,0,0,0,0,0,0,0,0,0,0,0,0,0,0,0,0,0,17,25,28,29,16,18,110,252,229,147,0,0,0,0,0,0,0,0,0,0,0,0,0,0,0,0,0,0,100,186,206,163,110,125,207,233,150,55,0,0,0,0,0,0,0,0,0,0,0,0,0,0,0,0,0,24,199,252,253,253,253,253,250,161,30,0,0,0,0,0,0,0,0,0,0,0,0,0,0,0,0,0,0,74,214,242,234,250,253,253,229,85,0,0,0,0,0,0,0,0,0,0,0,0,0,0,0,0,0,0,0,125,230,245,242,250,253,253,224,105,7,0,0,0,0,0,0,0,0,0,0,0,0,0,0,0,0,0,0,137,228,252,251,252,239,253,246,164,40,0,0,0,0,0,0,0,0,0,0,0,0,0,0,0,0,0,6,65,152,243,178,180,121,114,222,217,96,11,0,0,0,0,0,0,0,0,0,0,0,0,0,0,0,0,0,0,0,26,46,34,0,20,94,147,91,0,0,0,0,0,0,0,0,0,0,0,0,0,0,0,0,0,0,0,0,0,0,0,0,0,3,3,0,0,0,0,0,0,0,0,0,0,0,0,0,0,0,0,0,0,0,0,0,0,0,0,0,0,0,0,0,0,0,0,0,0,0,0,0,0,0,0,0,0,0,0,0,0,0,0,0,0,0,0,0,0,0,0,0,0,0,0,0,0,0,0,0,0,0,0,0,0,0,0,0,0,0,0,0,0,0,0,0,0,0,0,0,0,0,0,0,0,0,0,0,0,0,0,0,0,0,0,0,0,0,0,0,0,0,0,0,0,0,0,0,0,0,0,0,0,0,0,0,0,0,0,2
0,0,0,0,0,0,0,0,0,0,0,0,0,0,0,0,0,0,0,0,0,0,0,0,0,0,0,0,0,0,0,0,0,0,0,0,0,0,0,0,0,0,0,0,0,0,0,0,0,0,0,0,0,0,0,0,0,0,0,0,0,0,0,0,0,0,0,0,0,0,0,0,0,0,0,0,0,0,0,0,0,0,0,0,0,0,0,0,0,0,0,0,0,0,0,0,0,0,0,0,0,5,7,1,0,0,0,0,0,0,0,0,0,0,0,0,0,0,0,0,0,0,0,0,0,0,5,39,105,110,88,33,1,0,0,0,0,0,0,0,0,0,0,0,0,0,0,0,0,0,0,0,0,8,84,220,223,235,249,202,14,0,0,0,0,0,0,0,0,0,0,0,0,0,0,0,0,0,0,0,0,2,65,201,252,252,252,181,18,0,0,0,0,0,0,0,0,0,0,0,0,0,0,0,0,0,0,0,0,0,0,36,95,173,238,212,72,0,0,0,0,0,0,0,0,0,0,0,0,0,0,0,0,0,0,0,0,0,0,0,0,68,215,251,101,10,0,0,0,0,0,0,0,0,0,0,0,0,0,0,0,0,0,0,0,0,0,0,0,56,245,252,112,8,0,0,0,0,0,0,0,0,0,0,0,0,0,0,0,0,0,0,0,0,0,0,12,95,252,230,98,0,0,0,0,0,0,0,0,0,0,0,0,0,0,0,0,0,0,0,0,0,0,0,24,135,252,201,74,0,0,0,0,0,0,0,0,0,0,0,0,0,0,0,0,0,0,0,0,0,0,0,44,179,252,173,51,0,0,0,0,0,0,0,0,0,0,0,0,0,0,0,1,0,0,31,35,16,0,6,117,227,249,127,23,0,0,0,0,0,0,0,0,0,0,0,0,0,8,28,40,75,119,164,158,167,199,163,224,251,214,16,1,0,0,0,0,0,0,0,0,0,0,2,0,64,124,148,200,236,231,251,245,250,249,247,252,250,224,114,19,0,0,0,0,0,0,0,0,0,20,40,106,192,236,224,234,183,139,153,169,218,250,253,243,242,253,226,140,43,1,0,0,0,0,0,0,0,119,214,239,241,159,97,38,27,24,34,63,182,248,233,163,161,216,245,230,117,15,0,0,0,0,0,0,40,206,244,234,139,24,0,0,0,11,68,213,249,243,132,25,1,32,114,195,147,31,0,0,0,0,0,0,36,122,144,103,29,0,0,7,59,151,192,244,212,82,22,0,0,1,21,79,80,4,0,0,0,0,0,0,0,0,0,10,1,0,0,59,137,194,214,163,46,8,0,0,0,0,0,0,0,0,0,0,0,0,0,0,0,0,0,0,0,0,0,1,35,73,93,48,4,0,0,0,0,0,0,0,0,0,0,0,0,0,0,0,0,0,0,0,0,0,0,0,0,0,0,0,0,0,0,0,0,0,0,0,0,0,0,0,0,0,0,0,0,0,0,0,0,0,0,0,0,0,0,0,0,0,0,0,0,0,0,0,0,0,0,0,0,0,0,0,0,0,0,0,0,0,0,0,0,0,0,0,0,0,0,0,0,0,0,0,0,0,0,0,0,0,0,0,0,0,0,0,0,0,0,0,0,0,0,0,0,0,0,0,0,0,0,0,0,0,0,0,0,0,0,0,0,0,0,0,0,0,0,0,0,0,0,0,0,0,0,0,0,0,0,0,0,0,0,0,0,0,0,0,0,0,0,0,0,0,0,0,0,0,0,0,0,0,0,0,0,0,0,0,0,0,0,0,0,0,0,2
0,0,0,0,0,0,0,0,0,0,0,0,0,0,0,0,0,0,0,0,0,0,0,0,0,0,0,0,0,0,0,0,0,0,0,0,0,0,0,0,0,0,0,0,0,0,0,0,0,0,0,0,0,0,0,0,0,0,0,0,0,0,0,0,0,0,0,0,0,0,0,0,0,0,0,0,0,0,0,0,0,0,0,0,0,0,0,0,0,0,0,0,0,0,0,0,0,0,0,0,14,87,93,40,2,0,0,0,0,0,0,0,0,0,0,0,0,0,0,0,0,0,0,0,0,5,6,28,116,215,244,190,75,18,0,0,0,0,0,0,0,0,0,0,0,0,0,0,0,0,0,0,3,52,132,196,222,225,214,235,243,132,20,0,0,0,0,0,0,0,0,0,0,0,0,0,0,0,0,0,24,167,241,236,174,110,92,140,227,219,87,8,0,0,0,0,0,0,0,0,0,0,0,0,0,0,0,0,51,187,144,74,42,8,0,9,168,241,146,25,0,0,0,0,0,0,0,0,0,0,0,0,0,0,0,1,27,0,0,4,0,0,0,2,101,243,181,16,0,0,0,0,0,0,0,0,0,0,0,0,0,0,0,0,0,0,0,0,0,0,1,42,215,242,148,0,0,0,0,0,0,0,0,0,0,0,0,0,0,0,0,0,0,0,0,0,0,0,1,61,209,215,91,0,0,0,0,0,0,0,0,0,0,0,0,0,0,0,0,0,0,0,0,0,0,0,13,120,229,161,40,0,0,0,0,0,0,0,0,0,0,0,0,0,0,0,0,0,0,0,0,0,0,0,50,181,197,75,7,0,0,0,0,0,0,0,0,0,0,0,0,0,0,0,0,0,0,0,0,0,0,0,163,207,77,13,0,0,0,0,0,0,0,0,0,0,0,4,19,26,63,162,137,83,32,9,0,0,3,50,229,136,13,0,0,0,0,0,0,0,0,0,0,0,13,60,122,185,215,195,203,191,155,115,32,20,82,134,96,12,1,0,0,0,0,0,0,0,0,0,0,6,83,170,214,150,52,48,81,135,202,246,195,131,128,91,4,0,0,0,0,0,0,0,0,0,0,0,0,99,193,167,117,33,2,0,0,18,57,163,236,202,95,17,0,0,0,0,0,0,0,0,0,0,0,0,0,172,233,63,4,0,0,0,9,70,129,223,251,239,135,20,0,0,0,0,0,0,0,0,0,0,0,2,42,201,148,23,1,3,2,52,94,216,227,114,139,229,210,39,1,0,0,0,0,0,0,0,0,0,0,0,26,135,163,79,60,105,159,176,143,175,78,5,30,135,229,115,6,0,0,0,0,0,0,0,0,0,0,0,3,42,105,134,185,217,135,84,53,37,0,0,3,76,228,204,46,0,0,0,0,0,0,0,0,0,0,0,0,0,0,0,0,0,17,7,0,0,0,0,0,37,173,192,56,0,0,0,0,0,0,0,0,0,0,0,0,0,0,0,0,0,0,0,0,0,0,0,0,4,93,152,65,0,0,0,0,0,0,0,0,0,0,0,0,0,0,0,0,0,0,0,0,0,0,0,0,0,0,0,0,0,0,0,0,0,0,0,0,0,0,0,0,0,0,0,0,0,0,0,0,0,0,0,0,0,0,0,0,0,0,0,0,0,0,0,0,0,0,0,0,0,0,0,0,0,0,0,0,0,0,0,0,0,0,0,0,0,0,0,0,0,0,0,0,0,0,0,0,0,0,0,0,0,0,0,0,0,0,0,0,0,0,0,0,0,0,0,0,0,0,0,0,0,2
0,0,0,0,0,0,0,0,0,0,0,0,0,0,0,0,0,0,0,0,0,0,0,0,0,0,0,0,0,0,0,0,0,0,0,0,0,0,0,0,0,0,0,0,0,0,0,0,0,0,0,0,0,0,0,0,0,0,0,0,0,0,0,0,0,0,0,0,0,0,0,0,0,0,0,0,0,0,0,0,0,0,0,0,0,0,0,0,0,0,0,0,0,0,0,0,0,0,0,0,0,0,0,0,0,0,0,0,0,0,0,0,0,0,0,0,0,0,0,0,0,0,0,0,0,0,0,0,0,0,0,0,0,0,0,0,0,0,0,0,0,0,0,0,0,0,0,0,0,0,0,0,0,0,0,0,0,4,28,32,29,6,0,0,0,0,0,0,0,0,0,0,0,0,0,0,0,0,0,0,0,1,0,0,27,135,152,152,187,162,42,3,0,0,0,0,0,0,0,0,0,0,0,0,0,0,0,0,5,36,79,64,48,239,252,233,241,252,166,2,0,0,0,0,0,0,0,0,0,0,0,0,0,0,0,3,52,192,250,209,155,242,228,142,174,254,210,11,0,0,0,0,0,0,0,0,0,0,0,0,0,0,0,7,97,236,253,240,193,199,171,46,135,254,208,60,0,0,0,0,0,0,0,0,0,0,0,0,0,0,0,0,51,150,168,116,74,79,77,63,171,254,173,42,0,0,0,0,0,0,0,0,0,0,0,0,0,0,0,0,0,3,9,14,6,0,0,110,224,217,92,8,0,0,0,0,0,0,0,0,0,0,0,0,0,0,0,0,0,0,0,0,0,0,20,157,238,189,49,0,0,0,0,0,0,0,0,0,0,0,0,0,0,0,0,0,0,0,0,0,0,6,112,235,250,114,15,0,0,0,0,0,0,0,0,0,0,0,0,0,0,0,0,0,5,4,0,0,11,106,239,252,200,30,0,0,0,0,0,0,0,0,0,0,0,0,1,2,19,48,65,75,71,87,132,131,150,225,254,231,78,1,0,0,0,0,0,0,0,0,0,0,8,25,63,144,185,187,192,219,239,254,243,235,241,254,254,242,195,131,54,0,0,0,0,0,0,0,0,4,66,155,229,244,241,203,187,218,246,254,254,240,193,173,196,220,243,242,183,68,0,0,0,0,0,0,0,68,186,246,249,201,186,187,185,225,241,250,227,132,61,45,56,68,80,99,113,55,0,0,0,0,0,0,0,181,247,254,253,233,227,234,219,199,151,90,42,19,3,0,0,0,0,8,20,10,0,0,0,0,0,0,1,135,212,236,253,230,158,132,98,36,3,0,0,0,0,0,0,0,0,0,0,0,0,0,0,0,0,0,0,11,71,92,61,41,32,17,0,0,0,0,0,0,0,0,0,0,0,0,0,0,0,0,0,0,0,0,0,0,0,0,1,0,0,0,0,0,0,0,0,0,0,0,0,0,0,0,0,0,0,0,0,0,0,0,0,0,0,0,0,0,0,0,0,0,0,0,0,0,0,0,0,0,0,0,0,0,0,0,0,0,0,0,0,0,0,0,0,0,0,0,0,0,0,0,0,0,0,0,0,0,0,0,0,0,0,0,0,0,0,0,0,0,0,0,0,0,0,0,0,0,0,0,0,0,0,0,0,0,0,0,0,0,0,0,0,0,0,0,0,0,0,0,0,0,0,0,0,0,0,0,0,0,0,0,0,0,0,0,0,0,0,0,0,0,0,0,0,0,0,0,0,0,0,0,0,0,0,0,0,0,0,0,0,0,0,0,0,0,0,0,0,0,2
0,0,0,0,0,0,0,0,0,0,0,0,0,0,0,0,0,0,0,0,0,0,0,0,0,0,0,0,0,0,0,0,0,0,0,0,0,0,0,0,0,0,0,0,0,0,0,0,0,0,0,0,0,0,0,0,0,0,0,0,0,0,0,0,0,0,0,0,0,0,0,0,0,0,0,0,0,0,0,0,0,0,0,0,0,0,0,0,0,0,0,0,0,0,1,10,23,15,0,0,0,0,0,0,0,0,0,0,0,0,0,0,0,0,0,0,0,0,0,0,2,18,57,96,158,192,251,229,207,176,102,44,4,0,0,0,0,0,0,0,0,0,0,0,0,0,0,0,21,101,195,242,251,250,252,252,252,247,216,150,36,0,0,0,0,0,0,0,0,0,0,0,0,0,0,0,71,208,245,227,212,202,183,141,141,182,223,222,99,0,0,0,0,0,0,0,0,0,0,0,0,0,0,0,108,213,165,104,40,10,3,13,22,44,144,245,136,0,0,0,0,0,0,0,0,0,0,0,0,0,0,0,66,90,25,0,0,0,0,0,0,0,127,247,122,0,0,0,0,0,0,0,0,0,0,0,0,0,0,0,6,4,0,0,0,0,0,0,0,34,170,215,81,0,0,0,0,0,0,0,0,0,0,0,0,0,0,0,0,0,0,0,0,0,0,0,5,121,224,148,34,0,0,0,0,0,0,0,0,0,0,0,0,0,0,0,0,0,0,0,0,0,0,0,58,200,230,77,7,0,0,0,0,0,0,0,0,0,0,0,0,0,0,0,0,0,0,0,0,0,0,15,191,245,160,27,0,0,0,0,0,0,0,0,0,0,0,0,0,0,0,0,0,0,0,0,0,0,0,154,247,252,87,5,0,0,0,0,0,0,0,0,0,0,0,0,0,0,0,0,0,0,0,0,0,6,76,244,250,163,23,0,0,0,0,0,0,0,0,0,0,0,0,0,0,0,0,0,0,0,0,2,21,107,228,243,171,42,0,0,0,0,0,0,0,0,0,0,0,0,0,0,0,0,0,0,0,0,8,44,125,237,248,190,31,2,0,0,0,0,0,0,0,0,0,0,0,0,0,0,0,0,0,0,3,31,93,182,251,243,181,53,0,0,0,0,0,0,0,0,0,0,0,0,0,0,0,0,0,0,0,4,49,146,236,246,222,141,33,4,0,0,0,0,0,0,0,0,0,0,0,0,0,0,0,0,0,0,0,24,135,237,235,184,84,6,1,0,0,0,0,0,0,0,0,0,0,0,0,0,0,0,0,0,0,0,15,103,208,253,195,84,33,53,109,109,102,139,102,25,0,0,0,0,0,0,0,0,0,0,0,0,0,0,53,189,249,253,233,215,219,242,243,232,224,240,177,48,0,0,0,0,0,0,0,0,0,0,0,0,0,0,58,196,248,236,236,228,234,244,216,148,139,162,129,32,0,0,0,0,0,0,0,0,0,0,0,0,0,0,19,89,137,129,140,87,51,41,23,20,25,40,38,8,0,0,0,0,0,0,0,0,0,0,0,0,0,0,0,0,0,0,0,0,0,0,0,0,0,0,0,0,0,0,0,0,0,0,0,0,0,0,0,0,0,0,0,0,0,0,0,0,0,0,0,0,0,0,0,0,0,0,0,0,0,0,0,0,0,0,0,0,0,0,0,0,0,0,0,0,0,0,0,0,0,0,0,0,0,0,0,0,0,0,0,0,0,0,0,0,0,0,0,0,0,0,0,0,0,0,0,0,0,0,0,0,0,0,0,0,0,0,0,0,2
0,0,0,0,0,0,0,0,0,0,0,0,0,0,0,0,0,0,0,0,0,0,0,0,0,0,0,0,0,0,0,0,0,0,0,0,0,0,0,0,0,0,0,0,0,0,0,0,0,0,0,0,0,0,0,0,0,0,0,0,0,0,0,0,0,0,0,0,0,0,0,11,49,88,83,1,0,0,0,0,0,0,0,0,0,0,0,0,0,0,0,0,0,0,0,0,0,0,14,90,198,250,222,112,12,0,0,0,0,0,0,0,0,0,0,0,0,0,0,0,0,0,0,0,0,0,165,245,255,255,255,229,45,0,0,0,0,0,0,0,0,0,0,0,0,0,0,0,0,0,0,0,128,235,255,255,255,255,255,255,72,0,0,0,0,0,0,0,0,0,0,0,0,0,0,0,0,0,0,137,241,254,255,248,219,232,255,255,118,16,0,0,0,0,0,0,0,0,0,0,0,0,0,0,0,0,0,146,255,255,245,189,91,160,255,255,151,29,0,0,0,0,0,0,0,0,0,0,0,0,0,0,0,0,0,124,255,224,121,28,0,118,255,255,151,11,0,0,0,0,0,0,0,0,0,0,0,0,0,0,0,0,0,41,85,43,0,0,0,96,255,255,161,0,0,0,0,0,0,0,0,0,0,0,0,0,0,0,0,0,0,4,7,1,0,0,8,103,255,255,183,0,0,0,0,0,0,0,0,0,0,0,0,0,0,0,0,0,0,0,0,0,0,0,29,169,255,255,205,0,0,0,0,0,0,0,0,0,0,0,0,0,0,0,0,0,0,0,0,0,0,0,24,216,255,248,163,0,0,0,0,0,0,0,0,0,0,0,0,0,0,0,0,0,0,0,0,0,0,0,35,255,254,220,54,0,0,0,0,0,0,0,0,0,0,0,0,0,0,0,0,0,0,0,0,0,0,15,148,249,255,166,10,0,0,0,0,0,0,0,0,0,0,0,0,0,0,0,0,68,88,99,13,0,4,126,240,255,233,91,8,0,0,0,0,0,0,0,0,0,0,0,0,0,0,21,111,193,215,226,223,147,132,230,255,255,150,24,0,0,0,0,0,0,0,0,0,0,0,0,0,0,46,126,228,255,255,255,255,249,255,255,255,229,66,0,0,0,0,0,0,0,0,0,0,0,0,0,0,9,142,241,214,156,152,217,255,255,255,255,255,190,62,0,0,0,0,0,0,0,0,0,0,0,0,0,10,74,196,226,122,79,140,217,255,255,255,255,255,231,154,73,17,0,0,0,0,0,0,0,0,0,0,0,60,187,255,220,161,172,222,246,255,255,251,243,255,255,255,188,58,0,0,0,0,0,0,0,0,0,0,0,48,176,255,255,255,255,255,255,236,154,63,115,218,243,255,213,86,0,0,0,0,0,0,0,0,0,0,0,32,136,226,255,255,255,243,181,78,11,0,0,38,150,163,124,45,0,0,0,0,0,0,0,0,0,0,0,0,20,105,153,131,109,82,42,8,0,0,0,0,0,0,0,0,0,0,0,0,0,0,0,0,0,0,0,0,0,0,0,0,0,0,0,0,0,0,0,0,0,0,0,0,0,0,0,0,0,0,0,0,0,0,0,0,0,0,0,0,0,0,0,0,0,0,0,0,0,0,0,0,0,0,0,0,0,0,0,0,0,0,0,0,0,0,0,0,0,0,0,0,0,0,0,0,0,0,0,0,0,0,0,0,0,0,0,0,0,0,0,0,0,0,0,0,0,0,0,0,0,0,0,0,0,0,0,0,0,0,0,0,0,0,0,2
0,0,0,0,0,0,0,0,0,0,0,0,0,0,0,0,0,0,0,0,0,0,0,0,0,0,0,0,0,0,0,0,0,0,0,0,0,0,0,0,0,0,0,0,0,0,0,0,0,0,0,0,0,0,0,0,0,0,0,0,0,0,0,0,0,0,0,0,0,0,0,0,0,0,0,0,0,0,0,0,0,0,0,0,0,0,0,0,0,0,0,0,0,0,0,0,0,4,32,67,64,26,2,0,0,0,0,0,0,0,0,0,0,0,0,0,0,0,0,0,0,6,32,51,64,144,187,232,201,145,57,1,0,0,0,0,0,0,0,0,0,0,0,0,0,0,0,0,4,52,167,206,229,253,253,252,252,244,191,74,0,0,0,0,0,0,0,0,0,0,0,0,0,0,0,0,5,73,247,254,254,253,219,178,144,151,236,182,65,2,0,0,0,0,0,0,0,0,0,0,0,0,0,0,0,26,215,245,219,119,36,2,0,27,190,240,191,30,0,0,0,0,0,0,0,0,0,0,0,0,0,0,0,0,89,103,43,2,0,0,0,0,152,241,204,59,1,0,0,0,0,0,0,0,0,0,0,0,0,0,0,0,9,13,3,0,0,0,0,0,123,236,238,112,9,0,0,0,0,0,0,0,0,0,0,0,0,0,0,0,0,0,0,0,0,0,1,40,162,245,231,117,4,0,0,0,0,0,0,0,0,0,0,0,0,0,0,0,0,0,0,0,0,0,19,115,230,252,217,85,0,0,0,0,0,0,0,0,0,0,0,0,0,0,0,0,0,0,0,0,0,6,72,204,254,247,175,0,0,0,0,0,0,0,0,0,0,0,0,0,0,0,0,0,0,0,0,0,1,41,169,254,253,222,41,0,0,0,0,0,0,0,0,0,0,0,0,0,0,0,0,0,0,0,0,0,21,171,242,253,230,91,8,0,0,0,0,0,0,0,0,0,0,0,0,0,0,0,0,0,0,5,9,47,200,250,254,238,131,24,0,0,0,0,0,0,0,0,0,0,0,0,0,0,0,1,10,20,57,121,168,223,254,254,254,175,46,2,0,0,0,0,0,0,0,0,0,0,0,0,0,0,0,21,82,125,176,225,244,252,254,254,254,157,31,0,0,0,0,0,0,0,0,0,0,0,0,0,0,15,70,167,239,254,254,254,254,254,251,236,249,219,134,41,0,0,0,0,0,0,0,0,0,0,0,3,43,151,232,254,254,254,254,253,239,197,165,108,184,223,236,166,25,0,0,0,0,0,0,0,0,0,0,5,67,236,253,254,254,253,240,185,97,25,0,2,28,124,243,247,174,16,0,0,0,0,0,0,0,0,0,2,49,254,254,251,231,196,133,64,14,0,0,0,0,23,127,240,246,127,13,0,0,0,0,0,0,0,0,0,23,158,218,162,101,49,7,0,0,0,0,0,0,0,32,202,198,59,4,0,0,0,0,0,0,0,0,0,5,31,27,0,0,0,0,0,0,0,0,0,0,0,8,55,37,3,0,0,0,0,0,0,0,0,0,0,0,0,0,0,0,0,0,0,0,0,0,0,0,0,0,0,0,0,0,0,0,0,0,0,0,0,0,0,0,0,0,0,0,0,0,0,0,0,0,0,0,0,0,0,0,0,0,0,0,0,0,0,0,0,0,0,0,0,0,0,0,0,0,0,0,0,0,0,0,0,0,0,0,0,0,0,0,0,0,0,0,0,0,0,0,0,0,0,0,0,0,0,0,0,0,0,0,0,0,0,0,0,0,0,0,0,0,0,2
0,0,0,0,0,0,0,0,0,0,0,0,0,0,0,0,0,0,0,0,0,0,0,0,0,0,0,0,0,0,0,0,0,0,0,0,0,0,0,0,0,0,0,0,0,0,0,0,0,0,0,0,0,0,0,0,0,0,0,0,0,0,0,0,0,0,0,0,0,0,0,0,0,0,0,0,0,0,0,0,0,0,0,0,0,0,0,0,0,0,0,0,0,0,0,0,0,3,1,0,0,0,0,0,0,0,0,0,0,0,0,0,0,0,0,0,0,0,0,0,22,78,133,180,179,84,33,10,0,0,0,0,0,0,0,0,0,0,0,0,0,0,0,0,0,0,0,13,118,219,250,253,248,231,166,85,17,0,0,0,0,0,0,0,0,0,0,0,0,0,0,0,0,0,8,82,209,253,253,245,235,250,250,207,90,1,0,0,0,0,0,0,0,0,0,0,0,0,0,0,0,4,56,214,251,226,158,94,57,113,210,243,203,62,0,0,0,0,0,0,0,0,0,0,0,0,0,0,0,7,116,251,240,132,36,6,2,0,46,178,246,161,18,0,0,0,0,0,0,0,0,0,0,0,0,0,0,4,168,246,171,19,0,0,0,0,0,49,176,212,80,8,0,0,0,0,0,0,0,0,0,0,0,0,0,10,179,222,74,5,0,0,0,0,0,1,95,207,143,27,0,0,0,0,0,0,0,0,0,0,0,0,0,13,150,162,32,0,0,0,0,0,0,0,45,159,204,86,0,7,25,3,0,0,0,0,0,0,0,0,0,15,122,170,12,0,0,0,0,0,0,0,17,115,224,79,23,64,141,13,0,0,0,0,0,0,0,0,0,7,70,200,15,0,0,0,0,0,4,32,71,148,253,247,170,190,251,83,6,0,0,0,0,0,0,0,0,0,9,124,11,0,0,0,0,0,56,147,194,224,250,253,253,253,253,144,28,0,0,0,0,0,0,0,0,0,0,13,0,0,0,0,11,88,214,251,253,253,253,253,239,215,191,99,15,0,0,0,0,0,0,0,0,0,0,0,0,0,4,57,156,231,253,250,244,247,244,182,106,86,65,28,2,0,0,0,0,0,0,0,0,0,0,0,0,1,33,144,237,253,250,217,181,229,232,128,0,0,0,0,0,0,0,0,0,0,0,0,0,0,0,0,0,8,83,220,253,242,187,113,110,235,233,90,0,0,0,0,0,0,0,0,0,0,0,0,0,0,0,0,0,11,113,254,245,143,7,26,185,253,202,21,0,0,0,0,0,0,0,0,0,0,0,0,0,0,0,0,0,0,91,240,218,45,3,133,232,217,97,10,0,0,0,0,0,0,0,0,0,0,0,0,0,0,0,0,0,0,73,212,234,168,178,234,253,184,56,1,0,0,0,0,0,0,0,0,0,0,0,0,0,0,0,0,0,0,48,162,237,243,249,245,214,126,26,0,0,0,0,0,0,0,0,0,0,0,0,0,0,0,0,0,0,0,13,66,135,201,247,185,96,37,2,0,0,0,0,0,0,0,0,0,0,0,0,0,0,0,0,0,0,0,0,4,24,41,18,0,0,0,0,0,0,0,0,0,0,0,0,0,0,0,0,0,0,0,0,0,0,0,0,0,0,0,0,0,0,0,0,0,0,0,0,0,0,0,0,0,0,0,0,0,0,0,0,0,0,0,0,0,0,0,0,0,0,0,0,0,0,0,0,0,0,0,0,0,0,0,0,0,0,0,0,0,0,0,0,0,0,0,0,0,0,0,0,0,0,0,0,0,0,0,0,0,2
0,0,0,0,0,0,0,0,0,0,0,0,0,0,0,0,0,0,0,0,0,0,0,0,0,0,0,0,0,0,0,0,0,0,0,0,0,0,0,0,0,0,0,0,0,0,0,0,0,0,0,0,0,0,0,0,0,0,0,0,0,0,0,0,0,0,0,0,0,0,0,0,0,0,0,0,0,0,0,0,0,0,0,0,0,0,0,0,0,0,0,0,0,0,0,0,0,0,0,0,0,0,0,0,0,0,0,0,0,0,0,0,0,0,0,0,0,0,0,0,0,0,0,0,0,0,0,0,0,0,0,0,0,0,0,0,0,0,0,0,0,0,0,0,0,0,0,0,0,0,0,0,0,1,3,1,0,0,0,0,0,0,0,0,0,0,0,0,0,0,0,0,0,0,0,0,0,4,8,12,17,33,73,95,74,20,7,2,0,0,0,0,0,0,0,0,0,0,0,0,0,0,0,0,9,68,116,164,213,253,244,226,211,186,106,68,70,0,0,0,0,0,0,0,0,0,0,0,0,0,2,32,148,253,253,253,253,250,238,248,235,250,251,226,183,3,0,0,0,0,0,0,0,0,0,0,0,3,46,178,247,253,253,253,229,67,185,244,220,244,252,244,132,15,0,0,0,0,0,0,0,0,0,0,2,34,153,240,252,253,253,235,211,182,198,170,103,128,215,222,84,0,0,0,0,0,0,0,0,0,0,0,28,131,230,253,253,238,199,122,59,31,38,24,11,63,185,229,121,0,0,0,0,0,0,0,0,0,0,0,114,187,182,197,157,103,72,18,6,33,76,26,0,41,201,239,137,0,0,0,0,0,0,0,0,0,0,0,7,22,42,57,21,0,0,7,13,74,236,139,22,98,244,249,96,4,0,0,0,0,0,0,0,0,0,0,0,0,0,0,0,10,51,109,148,184,211,241,99,194,251,223,65,4,0,0,0,0,0,0,0,0,0,0,0,0,2,50,140,195,209,230,240,247,253,254,205,235,253,175,67,15,0,0,0,0,0,0,0,0,0,0,0,4,67,173,233,253,254,254,253,253,253,253,253,253,253,220,161,129,77,18,8,0,0,0,0,0,0,0,0,27,157,249,253,253,237,221,214,238,252,253,253,253,253,249,247,245,214,205,103,54,0,0,0,0,0,0,0,48,219,253,251,230,143,108,75,91,238,252,243,191,195,190,178,208,247,251,253,209,44,0,0,0,0,0,0,10,237,252,253,67,4,20,94,184,249,230,150,67,32,0,20,76,121,193,235,223,82,0,0,0,0,0,0,0,134,229,253,198,78,114,203,244,234,133,30,0,0,0,0,2,17,25,65,114,46,0,0,0,0,0,0,0,35,108,169,223,240,222,190,132,42,9,0,0,0,0,0,0,0,0,0,0,0,0,0,0,0,0,0,0,0,10,33,62,128,114,66,30,2,0,0,0,0,0,0,0,0,0,0,0,0,0,0,0,0,0,0,0,0,0,0,2,0,0,0,0,0,0,0,0,0,0,0,0,0,0,0,0,0,0,0,0,0,0,0,0,0,0,0,0,0,0,0,0,0,0,0,0,0,0,0,0,0,0,0,0,0,0,0,0,0,0,0,0,0,0,0,0,0,0,0,0,0,0,0,0,0,0,0,0,0,0,0,0,0,0,0,0,0,0,0,0,0,0,0,0,0,0,0,0,0,0,0,0,0,0,0,0,0,0,0,0,0,0,0,0,0,0,0,0,0,0,0,0,0,0,0,0,0,0,0,0,0,0,0,0,0,0,0,0,0,0,2
0,0,0,0,0,0,0,0,0,0,0,0,0,0,0,0,0,0,0,0,0,0,0,0,0,0,0,0,0,0,0,0,0,0,0,0,0,0,0,0,0,0,0,0,0,0,0,0,0,0,0,0,0,0,0,0,0,0,0,0,0,0,0,0,0,0,0,0,0,0,0,0,0,0,0,0,0,0,0,0,0,0,0,0,0,0,0,0,0,0,0,0,0,0,0,0,0,41,30,6,0,0,0,0,0,0,0,0,0,0,0,0,0,0,0,0,0,0,0,0,0,40,106,171,237,214,159,101,15,2,0,0,0,0,0,0,0,0,0,0,0,0,0,0,0,11,48,117,220,254,249,245,242,208,207,226,173,16,0,0,0,0,0,0,0,0,0,0,0,0,0,12,72,136,171,215,253,238,169,94,31,0,88,218,216,80,17,0,0,0,0,0,0,0,0,0,0,0,0,12,207,252,250,243,181,111,33,3,0,0,14,142,233,201,87,5,0,0,0,0,0,0,0,0,0,0,0,4,90,201,200,124,43,0,0,0,0,0,0,65,191,243,174,25,0,0,0,0,0,0,0,0,0,0,0,0,13,56,61,13,0,0,0,0,0,0,0,19,187,253,251,107,7,0,0,0,0,0,0,0,0,0,0,0,0,2,0,0,0,0,0,0,0,0,0,0,91,217,253,177,46,0,0,0,0,0,0,0,0,0,0,0,0,0,0,0,0,0,0,0,0,0,0,0,60,187,253,183,44,0,0,0,0,0,0,0,0,0,0,0,0,0,0,0,0,0,0,0,0,0,0,8,90,240,249,187,23,0,0,0,0,0,0,0,0,0,0,0,0,0,0,0,0,0,0,0,0,0,0,5,77,233,247,124,11,0,0,0,0,0,0,0,0,0,0,0,0,0,0,0,0,0,0,0,0,0,0,17,150,244,226,72,2,0,3,0,0,0,0,0,0,0,0,0,0,0,0,0,0,0,0,0,0,0,6,70,196,252,214,142,120,106,46,1,0,0,0,0,0,0,0,0,0,0,0,0,0,0,0,0,12,52,88,156,233,253,250,240,233,231,167,5,0,0,0,0,0,0,0,0,0,0,0,0,0,0,0,24,93,197,253,253,253,253,248,222,197,171,141,26,0,0,0,0,0,0,0,0,0,0,0,0,0,7,79,120,203,246,252,251,253,236,173,112,72,32,0,0,0,0,0,0,0,0,0,0,0,0,0,0,0,67,203,253,247,207,198,239,245,166,26,0,0,0,0,0,0,0,0,0,0,0,0,0,0,0,0,0,12,117,239,252,219,129,141,227,217,80,1,0,0,0,0,0,0,0,0,0,0,0,0,0,0,0,0,0,23,144,251,250,228,178,235,233,140,18,0,0,0,0,0,0,0,0,0,0,0,0,0,0,0,0,0,0,0,142,244,253,251,247,235,123,23,1,0,0,0,0,0,0,0,0,0,0,0,0,0,0,0,0,0,0,1,121,230,253,253,219,103,1,0,0,0,0,0,0,0,0,0,0,0,0,0,0,0,0,0,0,0,0,3,66,172,253,188,107,24,0,0,0,0,0,0,0,0,0,0,0,0,0,0,0,0,0,0,0,0,0,0,9,33,9,0,0,0,0,0,0,0,0,0,0,0,0,0,0,0,0,0,0,0,0,0,0,0,0,0,0,0,0,0,0,0,0,0,0,0,0,0,0,0,0,0,0,0,0,0,0,0,0,0,0,0,0,0,0,0,0,0,0,0,0,0,0,0,0,0,0,0,0,0,0,0,0,2
0,0,0,0,0,0,0,0,0,0,0,0,0,0,0,0,0,0,0,0,0,0,0,0,0,0,0,0,0,0,0,0,0,0,0,0,0,0,0,0,0,0,0,0,0,0,0,0,0,0,0,0,0,0,0,0,0,0,0,0,0,0,0,0,0,0,0,0,0,0,0,0,0,0,0,0,0,0,0,0,0,0,0,0,0,0,0,0,0,0,0,0,0,0,0,0,0,0,0,0,0,0,0,0,0,0,0,0,0,0,0,0,0,0,0,0,0,0,0,0,0,0,0,0,0,0,0,0,6,11,6,0,0,0,0,0,0,0,0,0,0,0,0,0,0,0,0,0,0,0,0,0,0,0,0,0,58,100,65,82,99,69,15,0,0,0,0,0,0,0,0,0,0,0,0,0,0,0,0,0,0,0,2,37,191,248,254,231,221,221,152,27,0,0,0,0,0,0,0,0,0,0,0,0,0,0,0,0,0,0,39,157,251,254,254,254,254,253,230,26,0,0,0,0,0,0,0,0,0,0,0,0,0,0,0,0,0,0,33,154,243,254,254,254,254,253,198,45,1,0,0,0,0,0,0,0,0,0,0,0,0,0,0,0,0,0,0,84,153,215,254,254,254,254,249,132,23,0,0,0,0,0,0,0,0,0,0,0,0,0,0,0,0,0,0,19,39,99,46,167,247,254,254,135,26,0,0,0,0,0,0,0,0,0,0,0,0,0,20,58,59,33,29,89,109,99,137,221,254,254,243,94,0,0,0,0,0,0,0,0,3,16,0,0,0,3,94,182,182,192,221,221,241,254,245,254,254,253,199,62,0,0,0,0,0,0,0,17,69,92,36,0,1,25,191,250,254,254,253,253,254,254,254,254,237,228,119,23,0,0,0,0,0,0,7,92,176,125,2,0,3,53,189,250,246,250,254,254,254,253,221,167,132,61,18,2,0,0,0,0,0,0,62,194,202,61,0,0,0,14,78,123,154,180,188,245,253,224,125,35,1,0,0,0,0,0,0,0,0,9,130,253,220,37,0,0,0,0,12,9,0,0,50,186,248,190,68,0,0,0,0,0,0,0,0,0,0,25,139,254,236,126,11,0,0,0,0,0,0,0,54,199,248,154,32,0,0,0,0,0,0,0,0,0,0,9,115,231,254,225,122,55,31,1,8,34,51,108,208,244,243,122,0,0,0,0,0,0,0,0,0,0,0,0,65,181,247,254,223,178,156,177,169,166,195,228,253,239,195,89,0,0,0,0,0,0,0,0,0,0,0,0,16,90,222,254,254,254,254,250,247,251,253,252,254,162,71,17,0,0,0,0,0,0,0,0,0,0,0,0,1,25,124,254,254,254,251,254,254,253,241,205,121,35,3,0,0,0,0,0,0,0,0,0,0,0,0,0,0,0,0,22,88,154,186,164,179,175,116,25,8,0,0,0,0,0,0,0,0,0,0,0,0,0,0,0,0,0,0,0,0,0,0,23,51,34,1,0,0,0,0,0,0,0,0,0,0,0,0,0,0,0,0,0,0,0,0,0,0,0,0,0,0,0,0,0,0,0,0,0,0,0,0,0,0,0,0,0,0,0,0,0,0,0,0,0,0,0,0,0,0,0,0,0,0,0,0,0,0,0,0,0,0,0,0,0,0,0,0,0,0,0,0,0,0,0,0,0,0,0,0,0,0,0,0,0,0,0,0,0,0,0,0,0,0,0,0,0,0,0,0,0,0,0,0,0,0,0,0,0,0,0,0,0,0,0,0,0,0,0,0,0,0,0,3
0,0,0,0,0,0,0,0,0,0,0,0,0,0,0,0,0,0,0,0,0,0,0,0,0,0,0,0,0,0,0,0,0,0,0,0,0,0,0,0,0,0,0,0,0,0,0,0,0,0,0,0,0,0,0,0,0,0,0,0,0,0,0,0,0,0,0,0,0,0,0,0,0,0,0,0,0,0,0,0,0,0,0,0,0,0,0,0,0,0,0,33,52,24,0,0,0,0,0,0,0,0,0,0,0,0,0,0,0,0,0,0,0,0,0,0,0,0,29,142,183,161,136,106,76,56,16,0,0,0,0,0,0,0,0,0,0,0,0,0,0,0,0,0,0,0,48,159,217,243,243,221,204,199,188,200,75,15,2,0,0,0,0,0,0,0,0,0,0,0,0,0,0,0,17,59,103,168,226,207,190,216,245,245,196,119,48,1,0,0,0,0,0,0,0,0,0,0,0,0,0,0,0,0,0,0,29,56,62,91,130,158,202,226,187,68,1,0,0,0,0,0,0,0,0,0,0,0,0,0,0,0,0,0,0,0,0,0,0,26,73,162,243,108,13,0,0,0,0,0,0,0,0,0,0,0,0,0,0,0,0,0,0,0,0,0,0,0,0,72,246,123,8,0,0,0,0,0,0,0,0,0,0,0,0,0,0,0,0,0,0,0,0,3,0,13,71,168,227,100,0,0,0,0,0,0,0,0,0,0,0,0,0,0,0,0,0,0,7,42,60,57,84,146,202,249,163,19,0,0,0,0,0,0,0,0,0,0,0,0,0,0,0,0,0,15,120,174,203,238,242,240,252,253,120,4,0,0,0,0,0,0,0,0,0,0,0,0,0,0,0,0,3,214,236,251,253,251,248,237,199,227,210,80,10,0,0,0,0,0,0,0,0,0,0,0,0,0,0,0,44,232,248,228,205,206,93,71,69,128,245,212,67,2,0,0,0,0,0,0,0,0,0,0,0,0,0,0,5,36,83,95,61,26,7,0,0,19,134,245,163,10,0,0,0,0,0,0,0,0,0,0,0,0,0,0,0,1,4,2,0,0,0,0,0,2,82,222,208,67,3,0,0,0,0,0,0,0,0,0,0,0,2,6,0,0,0,0,0,0,0,0,0,0,25,172,237,123,16,0,0,0,0,0,0,0,0,0,0,3,33,81,8,0,0,0,0,0,0,0,0,0,36,201,249,115,18,0,0,0,0,0,0,0,0,0,0,14,108,225,96,0,0,0,0,0,0,0,0,5,73,248,238,59,2,0,0,0,0,0,0,0,0,0,0,21,145,248,149,17,0,0,0,0,0,0,7,55,184,244,173,8,0,0,0,0,0,0,0,0,0,0,0,11,114,228,234,116,33,11,4,0,10,34,81,159,225,171,73,0,0,0,0,0,0,0,0,0,0,0,0,0,13,160,246,219,157,106,60,102,143,163,219,243,164,59,7,0,0,0,0,0,0,0,0,0,0,0,0,0,1,24,125,236,253,253,252,240,239,239,204,125,31,5,0,0,0,0,0,0,0,0,0,0,0,0,0,0,0,0,12,69,126,179,221,183,126,118,47,0,0,0,0,0,0,0,0,0,0,0,0,0,0,0,0,0,0,0,0,0,0,0,0,21,19,8,0,0,0,0,0,0,0,0,0,0,0,0,0,0,0,0,0,0,0,0,0,0,0,0,0,0,0,0,0,0,0,0,0,0,0,0,0,0,0,0,0,0,0,0,0,0,0,0,0,0,0,0,0,0,0,0,0,0,0,0,0,0,0,0,0,0,0,0,3
0,0,0,0,0,0,0,0,0,0,0,0,0,0,0,0,0,0,0,0,0,0,0,0,0,0,0,0,0,0,0,0,0,0,0,0,0,0,0,0,0,0,0,0,0,0,0,0,0,0,0,0,0,0,0,0,0,0,0,0,0,0,0,0,0,0,0,0,0,0,0,0,0,0,0,0,0,0,0,0,0,0,0,0,0,0,0,0,0,0,0,0,0,0,0,0,0,0,0,0,0,0,0,0,0,0,0,0,0,0,0,0,0,0,0,0,0,0,0,0,0,18,86,131,102,55,11,0,0,0,0,0,0,0,0,0,0,0,0,0,0,0,0,0,0,0,0,0,18,125,211,245,254,235,204,134,40,0,0,0,0,0,0,0,0,0,0,0,0,0,0,0,0,0,0,0,98,217,227,217,226,239,252,236,159,40,1,0,0,0,0,0,0,0,0,0,0,0,0,0,0,0,0,0,145,248,127,89,115,146,210,249,238,126,18,0,0,0,0,0,0,0,0,0,0,0,0,0,0,0,0,0,28,185,89,0,0,0,27,190,253,224,56,1,0,0,0,0,0,0,0,0,0,0,0,0,0,0,0,0,44,137,68,0,0,0,2,67,204,234,117,0,0,0,0,0,0,0,0,0,0,0,0,0,0,0,0,0,7,28,17,0,0,0,0,25,145,215,95,0,0,0,0,0,0,0,0,0,0,0,0,0,0,0,0,0,0,1,0,0,0,0,0,22,148,192,70,0,0,0,0,0,0,0,0,0,0,0,0,0,0,0,0,0,0,0,0,0,9,12,56,154,219,160,42,0,0,0,0,0,0,0,0,0,0,0,0,0,0,0,0,0,0,74,130,95,91,137,202,243,193,80,11,0,0,0,0,0,0,0,0,0,0,0,0,0,0,0,0,5,62,206,238,233,242,253,236,154,61,4,0,0,0,0,0,0,0,0,0,0,0,0,0,0,0,0,0,10,101,238,254,254,254,241,171,55,2,0,0,0,0,0,0,0,0,0,0,0,0,0,0,0,0,0,0,0,25,110,176,216,243,253,237,156,51,1,0,0,0,0,0,0,0,0,0,0,0,0,0,0,0,0,0,0,2,21,55,103,178,243,253,235,142,36,2,0,0,0,0,0,0,0,0,0,0,0,0,0,0,0,0,0,0,0,0,0,27,118,185,239,224,126,23,0,0,0,0,0,0,0,0,0,0,0,0,0,0,0,0,0,0,0,0,0,0,0,30,162,246,234,90,5,0,0,0,0,0,0,0,0,0,0,0,0,0,0,0,0,0,0,0,0,0,0,2,56,174,232,241,81,0,0,0,0,0,0,0,0,0,0,0,0,0,0,0,0,0,0,1,6,7,0,0,8,66,171,225,112,0,0,0,0,0,0,0,0,0,0,0,0,0,0,0,0,0,44,84,92,79,30,36,79,108,168,168,48,0,0,0,0,0,0,0,0,0,0,0,0,0,0,0,0,0,74,183,242,254,240,209,210,231,231,151,38,0,0,0,0,0,0,0,0,0,0,0,0,0,0,0,0,0,31,109,180,228,254,254,222,187,133,33,2,0,0,0,0,0,0,0,0,0,0,0,0,0,0,0,0,0,0,0,0,0,22,66,81,43,2,0,0,0,0,0,0,0,0,0,0,0,0,0,0,0,0,0,0,0,0,0,0,0,0,0,0,0,0,0,0,0,0,0,0,0,0,0,0,0,0,0,0,0,0,0,0,0,0,0,0,0,0,0,0,0,0,0,0,0,0,0,0,0,0,0,0,3
0,0,0,0,0,0,0,0,0,0,0,0,0,0,0,0,0,0,0,0,0,0,0,0,0,0,0,0,0,0,0,0,0,0,0,0,0,0,0,0,0,0,0,0,0,0,0,0,0,0,0,0,0,0,0,0,0,0,0,0,0,0,0,0,0,0,0,0,0,0,0,0,0,0,0,0,0,0,0,0,0,0,0,0,0,0,0,0,0,5,6,0,0,0,0,0,0,0,0,0,0,0,0,0,0,0,0,0,0,0,0,0,0,0,0,0,0,57,72,125,130,109,88,66,45,17,1,0,0,0,0,0,0,0,0,0,0,0,0,0,0,0,0,0,0,188,246,251,236,223,209,195,181,125,61,8,0,0,0,0,0,0,0,0,0,0,0,0,0,0,0,0,10,233,252,254,252,232,224,231,238,245,251,178,64,3,0,0,0,0,0,0,0,0,0,0,0,0,0,0,19,140,209,141,94,80,91,119,147,178,225,245,192,33,0,0,0,0,0,0,0,0,0,0,0,0,0,0,0,0,0,5,10,4,0,0,4,17,76,252,218,67,0,0,0,0,0,0,0,0,0,0,0,0,0,0,0,0,0,0,0,0,4,27,67,146,237,247,176,44,0,0,0,0,0,0,0,0,0,0,0,0,0,0,0,0,0,11,39,92,123,149,213,251,242,176,75,9,0,0,0,0,0,0,0,0,0,0,0,0,0,0,0,0,0,122,195,218,243,252,253,240,139,50,10,0,0,0,0,0,0,0,0,0,0,0,0,0,0,0,0,0,0,172,245,252,253,252,253,237,158,67,51,10,0,0,0,0,0,0,0,0,0,0,0,0,0,0,0,0,0,128,205,189,174,182,214,245,247,215,194,135,75,37,15,0,0,0,0,0,0,0,0,0,0,0,0,0,0,13,44,54,44,34,61,145,218,252,253,251,214,174,160,67,0,0,0,0,0,0,0,0,0,0,0,0,0,0,0,0,0,0,0,0,18,56,101,170,210,241,248,232,130,11,0,0,0,0,0,0,0,0,0,0,0,0,0,0,0,0,0,0,0,0,9,48,95,159,198,252,222,108,0,0,0,0,0,0,0,0,0,0,0,0,0,0,0,0,0,0,0,0,0,0,0,10,52,165,249,144,0,0,0,0,0,0,0,0,0,0,0,0,30,63,28,3,0,0,0,0,0,0,0,0,2,103,224,117,0,0,0,0,0,0,0,0,0,0,0,0,74,179,131,18,0,0,0,0,0,0,0,14,63,192,246,82,0,0,0,0,0,0,0,0,0,0,0,0,56,233,241,84,26,0,0,0,0,0,32,119,215,248,152,28,0,0,0,0,0,0,0,0,0,0,0,0,21,142,245,250,176,39,17,8,31,94,162,247,248,183,37,2,0,0,0,0,0,0,0,0,0,0,0,0,3,47,172,244,250,236,190,160,176,234,240,176,70,19,2,0,0,0,0,0,0,0,0,0,0,0,0,0,0,6,63,182,240,253,248,245,244,217,151,12,0,0,0,0,0,0,0,0,0,0,0,0,0,0,0,0,0,0,3,51,125,154,168,158,125,88,34,0,0,0,0,0,0,0,0,0,0,0,0,0,0,0,0,0,0,0,0,0,0,6,27,33,13,0,0,0,0,0,0,0,0,0,0,0,0,0,0,0,0,0,0,0,0,0,0,0,0,0,0,0,0,0,0,0,0,0,0,0,0,0,0,0,0,0,0,0,0,0,0,0,0,0,0,0,0,0,0,0,0,0,0,0,0,0,0,0,0,0,0,0,3
0,0,0,0,0,0,0,0,0,0,0,0,0,0,0,0,0,0,0,0,0,0,0,0,0,0,0,0,0,0,0,0,0,0,0,0,0,0,0,0,0,0,0,0,0,0,0,0,0,0,0,0,0,0,0,0,0,0,0,0,0,0,0,0,0,0,0,0,0,0,0,0,0,0,0,0,0,0,0,0,0,0,0,0,0,0,0,0,0,0,0,0,0,0,0,0,0,0,0,0,0,0,0,0,0,0,0,0,0,0,0,0,0,0,0,0,0,0,0,0,0,0,0,0,0,1,0,0,0,0,0,0,0,0,0,0,0,0,0,0,0,0,0,0,0,0,0,0,0,0,0,4,17,29,37,50,96,116,138,129,60,5,0,0,0,0,0,0,0,0,0,0,0,0,0,0,0,3,28,72,125,196,249,233,228,228,241,240,154,28,0,0,0,0,0,0,0,0,0,0,0,0,0,0,0,9,98,216,247,247,253,251,218,198,233,253,168,31,0,0,0,0,0,0,0,0,0,0,0,0,0,0,0,6,72,162,187,154,112,68,39,100,206,248,125,2,0,0,0,0,0,0,0,0,0,0,0,0,0,0,0,0,0,13,9,0,2,4,32,135,226,205,77,1,0,0,0,0,0,0,0,0,0,0,0,0,0,0,0,0,0,0,0,1,0,22,142,222,201,101,22,0,0,0,0,0,0,0,0,0,0,0,0,0,0,0,0,0,16,18,19,40,93,198,238,188,83,17,0,0,0,0,0,0,0,0,0,0,0,0,0,0,0,0,25,70,116,122,161,230,245,250,253,99,12,0,0,0,0,0,0,0,0,0,0,0,0,0,0,0,0,0,86,212,249,252,246,240,196,237,250,179,62,3,0,0,0,0,0,0,0,0,0,0,0,0,0,0,0,6,106,216,212,204,168,74,8,35,148,227,172,25,0,0,0,0,0,0,0,0,0,0,0,0,0,0,0,5,47,95,80,33,0,0,0,1,41,173,228,90,0,0,0,0,0,0,0,0,0,0,0,0,0,0,0,0,0,0,0,0,0,0,0,0,19,129,243,160,1,0,0,0,0,0,0,0,0,0,0,0,0,0,0,0,0,0,0,0,0,0,0,0,11,105,252,180,3,0,0,0,0,0,0,0,0,0,0,0,0,0,0,0,0,0,0,0,0,0,0,0,22,130,244,148,2,0,0,0,0,0,0,0,0,0,0,0,0,10,8,0,0,0,0,0,0,0,0,0,56,178,202,83,0,0,0,0,0,0,0,0,0,0,0,0,46,130,110,60,18,0,0,0,0,0,0,25,125,207,128,24,0,0,0,0,0,0,0,0,0,0,0,0,43,189,218,186,124,80,23,1,1,1,15,135,216,156,49,2,0,0,0,0,0,0,0,0,0,0,0,0,11,168,244,253,227,184,71,32,39,81,195,231,165,57,7,0,0,0,0,0,0,0,0,0,0,0,0,0,0,53,157,216,227,162,127,168,217,243,196,113,42,6,0,0,0,0,0,0,0,0,0,0,0,0,0,0,0,1,43,90,139,163,185,155,101,39,18,13,1,0,0,0,0,0,0,0,0,0,0,0,0,0,0,0,0,0,0,0,0,0,0,0,0,0,0,0,0,0,0,0,0,0,0,0,0,0,0,0,0,0,0,0,0,0,0,0,0,0,0,0,0,0,0,0,0,0,0,0,0,0,0,0,0,0,0,0,0,0,0,0,0,0,0,0,0,0,0,0,0,0,0,0,0,0,0,0,0,0,0,0,0,0,0,0,3
0,0,0,0,0,0,0,0,0,0,0,0,0,0,0,0,0,0,0,0,0,0,0,0,0,0,0,0,0,0,0,0,0,0,0,0,0,0,0,0,0,0,0,0,0,0,0,0,0,0,0,0,0,0,0,0,0,0,0,0,0,0,0,0,0,0,0,0,0,0,0,0,0,0,0,0,0,0,0,0,0,0,0,0,0,0,0,0,0,0,0,0,0,0,0,0,0,0,0,0,0,0,0,0,0,0,0,0,0,0,0,0,0,0,0,0,0,0,0,0,0,0,0,0,0,0,19,41,33,27,5,0,0,0,0,0,0,0,0,0,0,0,0,0,0,0,0,0,0,0,20,71,94,149,232,248,170,136,69,13,0,0,0,0,0,0,0,0,0,0,0,0,0,0,0,0,0,0,92,200,237,252,252,250,251,247,184,59,0,0,0,0,0,0,0,0,0,0,0,0,0,0,0,0,0,0,64,182,239,238,222,202,222,253,236,101,0,0,0,0,0,0,0,0,0,0,0,0,0,0,0,0,0,0,11,31,26,5,0,10,132,253,230,108,0,0,0,0,0,0,0,0,0,0,0,0,0,0,0,0,0,0,0,0,0,0,4,46,158,244,182,63,0,0,0,0,0,0,0,0,0,0,0,0,0,0,0,0,0,0,0,0,0,3,64,186,234,202,84,7,0,0,0,0,0,0,0,0,0,0,0,0,0,0,0,0,0,0,0,0,15,99,201,252,228,107,6,0,0,0,0,0,0,0,0,0,0,0,0,0,0,0,0,0,0,13,68,123,211,242,253,251,218,63,54,17,0,0,0,0,0,0,0,0,0,0,0,0,0,0,0,5,91,130,204,230,251,252,247,249,249,211,188,134,39,0,0,0,0,0,0,0,0,0,0,0,0,0,0,0,194,231,252,253,157,112,100,192,199,219,246,247,137,13,0,0,0,0,0,0,0,0,0,0,0,0,0,0,117,172,89,56,20,5,0,0,6,90,173,241,224,45,1,0,0,0,0,0,0,0,0,0,0,0,0,0,17,46,8,0,0,0,0,0,0,0,72,214,215,54,1,0,0,0,0,0,0,0,0,0,0,0,0,0,0,0,0,0,0,0,0,0,0,11,103,221,176,46,0,0,0,0,0,0,0,0,0,0,0,0,0,0,0,0,0,0,0,0,0,0,6,71,195,242,135,21,0,0,0,0,0,0,0,0,0,0,0,0,0,0,0,0,0,0,0,0,0,8,61,175,238,190,72,2,0,0,0,0,0,0,0,0,0,0,0,0,0,6,13,7,0,0,0,0,1,75,193,234,199,101,17,0,0,0,0,0,0,0,0,0,0,0,0,0,2,49,124,71,0,0,0,25,101,177,237,202,100,31,0,0,0,0,0,0,0,0,0,0,0,0,0,0,4,82,241,193,123,67,100,201,249,248,205,107,3,0,0,0,0,0,0,0,0,0,0,0,0,0,0,0,2,49,203,246,234,211,229,249,248,195,61,12,0,0,0,0,0,0,0,0,0,0,0,0,0,0,0,0,0,10,78,166,227,253,250,218,100,51,0,0,0,0,0,0,0,0,0,0,0,0,0,0,0,0,0,0,0,0,0,40,73,66,44,19,0,0,0,0,0,0,0,0,0,0,0,0,0,0,0,0,0,0,0,0,0,0,0,0,0,0,0,0,0,0,0,0,0,0,0,0,0,0,0,0,0,0,0,0,0,0,0,0,0,0,0,0,0,0,0,0,0,0,0,0,0,0,0,0,0,0,0,0,0,0,3
0,0,0,0,0,0,0,0,0,0,0,0,0,0,0,0,0,0,0,0,0,0,0,0,0,0,0,0,0,0,0,0,0,0,0,0,0,0,0,0,0,0,0,0,0,0,0,0,0,0,0,0,0,0,0,0,0,0,0,0,0,0,0,0,0,0,0,0,0,0,0,0,0,0,0,0,0,0,0,0,0,0,0,0,0,0,0,0,0,0,0,0,0,0,0,0,0,0,0,0,0,0,0,0,0,0,0,0,0,0,0,0,0,0,0,0,0,0,0,0,0,0,0,0,0,2,8,4,0,0,0,0,0,0,0,0,0,0,0,0,0,0,0,0,0,0,5,27,52,97,118,111,132,138,90,70,29,0,0,0,0,0,0,0,0,0,0,0,0,0,3,34,75,135,154,168,186,231,233,225,238,252,241,223,151,45,0,0,0,0,0,0,0,0,0,0,0,1,76,172,210,240,249,229,195,143,106,72,36,93,151,178,234,170,36,2,0,0,0,0,0,0,0,0,0,5,152,216,165,153,107,86,48,6,0,0,0,1,0,28,135,215,107,17,0,0,0,0,0,0,0,0,0,10,78,82,40,18,0,0,0,0,0,0,0,0,0,0,30,127,175,85,0,0,0,0,0,0,0,0,0,0,0,0,0,0,0,0,0,0,0,0,0,0,0,0,0,40,152,140,0,0,0,0,0,0,0,0,0,0,0,0,0,0,0,0,0,0,0,0,0,0,0,0,0,22,131,177,0,0,0,0,0,0,0,0,0,0,0,0,0,0,0,0,0,0,0,0,0,0,0,0,9,68,205,213,0,0,0,0,0,0,0,0,0,0,0,0,0,0,0,0,0,0,0,0,0,0,7,31,85,173,238,110,0,0,0,0,0,0,0,0,0,0,0,0,0,0,0,0,0,0,0,0,75,94,111,161,222,224,102,21,0,0,0,0,0,0,0,0,0,0,0,0,0,0,0,0,0,0,20,137,215,240,253,253,253,221,92,16,0,0,0,0,0,0,0,0,0,0,0,0,0,0,0,0,0,0,28,174,247,252,245,224,216,221,201,142,47,1,0,0,0,0,0,0,0,0,0,0,0,0,0,0,0,0,8,53,67,82,98,84,90,109,150,205,178,69,4,0,0,0,0,0,0,0,0,0,0,0,0,0,0,0,0,0,2,5,0,0,0,3,33,112,217,192,35,0,0,0,0,0,0,0,0,0,0,0,0,0,0,0,0,0,0,0,0,0,0,0,1,18,82,220,42,0,0,0,0,0,0,0,0,0,0,0,0,0,0,0,0,0,0,0,0,0,0,0,0,0,11,250,47,0,0,0,0,0,0,0,0,0,0,0,0,0,0,0,0,0,0,0,0,0,0,0,0,13,137,227,50,3,0,0,0,0,0,0,0,0,0,0,0,0,0,0,0,0,0,0,0,19,40,61,99,169,233,100,9,0,0,0,0,0,0,0,0,0,0,0,0,0,4,44,97,116,115,127,148,156,174,186,179,168,113,24,0,0,0,0,0,0,0,0,0,0,0,0,0,0,21,98,142,121,118,143,151,163,175,149,91,47,18,1,0,0,0,0,0,0,0,0,0,0,0,0,0,0,0,0,10,20,26,25,6,0,0,0,0,0,0,0,0,0,0,0,0,0,0,0,0,0,0,0,0,0,0,0,0,0,0,0,0,0,0,0,0,0,0,0,0,0,0,0,0,0,0,0,0,0,0,0,0,0,0,0,0,0,0,0,0,0,0,0,0,0,0,0,0,0,0,0,0,0,3
0,0,0,0,0,0,0,0,0,0,0,0,0,0,0,0,0,0,0,0,0,0,0,0,0,0,0,0,0,0,0,0,0,0,0,0,0,0,0,0,0,0,0,0,0,0,0,0,0,0,0,0,0,0,0,0,0,0,0,0,0,0,0,0,0,0,0,0,0,0,0,0,0,0,0,0,0,0,0,0,0,0,0,0,0,0,0,0,0,0,0,0,0,0,0,0,0,0,0,0,0,0,0,0,0,0,0,0,0,0,0,0,0,0,0,0,0,0,0,0,0,0,0,0,0,0,0,0,0,0,0,0,0,0,0,0,0,0,0,0,0,0,0,0,0,0,0,0,0,0,0,0,0,4,6,0,0,0,0,0,0,0,0,0,0,0,0,0,0,0,0,0,0,0,0,0,40,84,128,157,146,116,77,51,12,0,0,0,0,0,0,0,0,0,0,0,0,0,0,0,0,0,42,207,254,253,253,249,241,253,242,193,121,0,0,0,0,0,0,0,0,0,0,0,0,0,0,0,0,1,31,250,253,214,149,137,173,225,229,250,233,39,2,0,0,0,0,0,0,0,0,0,0,0,0,0,0,0,14,215,251,142,35,24,27,16,93,217,241,70,1,0,0,0,0,0,0,0,0,0,0,0,0,0,0,0,2,131,231,149,31,0,0,0,41,182,226,87,0,0,0,0,0,0,0,0,0,0,0,0,0,0,0,0,0,96,207,139,23,0,0,8,92,203,184,50,0,0,0,0,0,0,0,0,0,0,0,0,0,0,0,0,0,17,59,64,2,0,11,89,221,214,99,8,0,0,0,0,0,0,0,0,0,0,0,0,0,0,0,0,0,0,0,0,0,13,117,219,235,125,9,0,0,0,0,0,0,0,0,0,0,0,0,0,0,0,0,0,0,0,0,1,26,107,219,244,128,23,2,0,0,0,0,0,0,0,0,0,0,0,0,0,0,0,0,0,0,0,0,37,125,213,249,191,119,101,98,73,21,0,0,0,0,0,0,0,0,0,0,0,0,0,0,0,0,0,21,153,240,253,253,247,252,250,238,206,167,89,19,1,0,0,0,0,0,0,0,0,0,0,0,0,0,0,70,180,209,205,210,205,197,191,212,241,245,226,150,8,0,0,0,0,0,0,0,0,0,0,0,0,0,0,24,73,79,76,62,30,2,24,82,130,211,252,225,16,0,0,0,0,0,0,0,0,0,0,0,0,0,0,0,0,0,0,0,0,0,0,0,9,67,244,250,29,0,0,0,0,0,0,0,0,0,0,0,0,0,0,0,0,0,0,0,0,0,0,0,9,118,237,194,35,0,0,0,0,0,0,0,0,0,0,0,0,0,0,0,0,0,0,0,0,0,0,10,78,199,239,99,4,0,0,0,0,0,0,0,0,0,0,0,0,0,0,0,0,0,0,0,0,0,14,76,178,233,154,13,0,0,0,0,0,0,0,0,0,0,0,0,0,0,0,0,0,0,0,0,7,40,114,196,213,139,50,0,0,0,0,0,0,0,0,0,0,0,0,0,0,0,0,0,0,0,0,18,121,227,241,196,110,34,5,0,0,0,0,0,0,0,0,0,0,0,0,0,0,0,0,0,0,0,0,37,223,245,149,64,2,0,0,0,0,0,0,0,0,0,0,0,0,0,0,0,0,0,0,0,0,0,0,21,61,25,0,0,0,0,0,0,0,0,0,0,0,0,0,0,0,0,0,0,0,0,0,0,0,0,0,0,0,0,0,0,0,0,0,0,0,0,0,0,0,0,0,3
0,0,0,0,0,0,0,0,0,0,0,0,0,0,0,0,0,0,0,0,0,0,0,0,0,0,0,0,0,0,0,0,0,0,0,0,0,0,0,0,0,0,0,0,0,0,0,0,0,0,0,0,0,0,0,0,0,0,0,0,0,0,0,0,0,0,0,0,0,0,0,0,0,0,0,0,0,0,0,0,0,0,0,0,0,0,0,0,0,0,0,0,0,0,0,0,0,20,3,0,0,0,0,0,0,0,0,0,0,0,0,0,0,0,0,0,0,0,0,0,0,0,4,74,204,208,78,89,64,34,6,0,0,0,0,0,0,0,0,0,0,0,0,0,0,0,0,0,2,35,82,187,245,252,228,215,209,186,69,11,0,0,0,0,0,0,0,0,0,0,0,0,0,0,0,7,46,152,206,242,252,246,231,241,252,248,185,69,0,0,0,0,0,0,0,0,0,0,0,0,0,0,18,106,228,252,252,233,193,164,121,135,185,252,234,146,0,0,0,0,0,0,0,0,0,0,0,0,0,0,32,156,251,245,211,119,34,0,0,14,116,252,250,197,0,0,0,0,0,0,0,0,0,0,0,0,0,0,16,175,251,194,109,22,0,0,7,62,182,248,250,131,16,0,0,0,0,0,0,0,0,0,0,0,0,0,0,49,84,26,2,0,0,0,57,167,239,252,219,71,3,0,0,0,0,0,0,0,0,0,0,0,0,0,0,1,5,0,0,0,10,68,183,244,253,252,163,38,0,0,0,0,0,0,0,0,0,0,0,0,0,0,0,0,0,1,20,79,161,238,252,253,253,252,232,150,40,0,0,0,0,0,0,0,0,0,0,0,0,0,0,0,1,25,104,195,240,252,231,189,159,231,251,251,174,78,7,0,0,0,0,0,0,0,0,0,0,0,0,0,18,189,250,252,247,183,81,41,32,66,171,233,249,200,75,9,0,0,0,0,0,0,0,0,0,0,0,0,22,199,220,168,103,32,0,0,0,3,32,135,225,246,156,40,0,0,0,0,0,0,0,0,0,0,0,0,5,32,78,49,11,2,0,0,0,0,1,40,160,252,219,117,0,0,0,0,0,0,0,0,0,0,0,0,0,0,0,0,0,0,0,0,0,0,0,17,143,252,238,73,0,0,0,0,0,0,0,0,0,0,0,0,0,0,0,0,0,0,0,0,0,0,0,10,175,249,241,78,7,0,0,0,0,0,0,0,0,0,0,0,0,0,0,0,0,0,0,0,0,13,70,197,247,240,141,25,0,0,0,0,0,0,0,0,0,0,18,53,53,14,5,1,0,0,0,18,60,133,214,252,238,167,55,2,0,0,0,0,0,0,0,0,0,1,78,172,181,149,84,61,63,46,53,116,188,229,252,252,178,60,7,0,0,0,0,0,0,0,0,0,0,11,114,247,246,243,236,207,197,198,236,252,252,251,231,111,21,1,0,0,0,0,0,0,0,0,0,0,0,4,50,172,242,252,247,252,252,252,252,225,173,120,65,8,0,0,0,0,0,0,0,0,0,0,0,0,0,0,0,35,96,102,138,179,136,84,31,0,0,0,0,0,0,0,0,0,0,0,0,0,0,0,0,0,0,0,0,0,6,11,0,0,0,0,0,0,0,0,0,0,0,0,0,0,0,0,0,0,0,0,0,0,0,0,0,0,0,0,0,0,0,0,0,0,0,0,0,0,0,0,0,0,0,0,0,0,0,0,0,0,0,0,0,0,0,0,0,0,0,0,0,0,0,0,0,0,0,0,0,0,0,0,0,0,3
0,0,0,0,0,0,0,0,0,0,0,0,0,0,0,0,0,0,0,0,0,0,0,0,0,0,0,0,0,0,0,0,0,0,0,0,0,0,0,0,0,0,0,0,0,0,0,0,0,0,0,0,0,0,0,0,0,0,0,0,0,0,0,0,0,0,0,0,0,0,0,0,0,0,0,0,0,0,0,0,0,0,0,0,0,0,0,0,0,0,0,0,0,0,0,0,0,0,0,0,0,0,0,0,0,0,0,0,0,0,0,0,0,0,0,0,0,0,0,0,0,0,0,0,0,9,4,12,11,20,8,0,0,0,0,0,0,0,0,0,0,0,0,0,0,0,0,0,0,18,54,90,115,98,81,151,199,138,100,0,0,0,0,0,0,0,0,0,0,0,0,0,0,7,44,89,182,158,180,208,237,239,181,232,249,252,186,36,0,0,0,0,0,0,0,0,0,0,0,5,89,141,156,170,200,205,184,139,88,114,129,202,252,232,124,22,0,0,0,0,0,0,0,0,0,0,0,19,152,202,148,97,46,14,30,25,11,10,100,205,216,103,29,0,0,0,0,0,0,0,0,0,0,0,0,12,48,22,0,0,0,0,0,8,55,161,236,208,95,0,0,0,0,0,0,0,0,0,0,0,0,0,0,0,1,1,0,0,0,0,36,86,195,250,181,95,20,0,0,0,0,0,0,0,0,0,0,0,0,0,0,0,0,0,0,11,34,116,179,194,182,92,37,6,0,0,2,0,0,0,0,0,0,0,0,0,0,0,0,0,0,0,18,92,169,235,244,212,139,98,81,63,17,16,54,45,0,0,0,0,0,0,0,0,0,0,0,0,4,51,159,222,246,230,186,228,205,236,225,188,160,199,225,180,131,21,4,0,0,0,0,0,0,0,0,1,36,191,250,226,165,70,182,188,152,108,74,104,102,170,199,220,231,165,63,6,0,0,0,0,0,0,0,0,24,206,223,134,54,9,0,36,35,15,0,0,9,23,30,101,191,240,168,29,0,0,0,0,0,0,0,0,9,43,5,0,0,0,0,0,0,0,0,0,0,0,0,11,62,194,239,68,0,0,0,0,0,0,0,0,0,0,0,0,0,0,0,0,0,0,0,0,0,0,0,0,0,98,221,159,48,3,0,0,0,0,0,0,0,0,0,0,0,0,0,0,0,0,0,0,0,0,0,0,0,26,152,234,128,12,0,0,0,0,0,0,0,0,0,0,0,0,0,0,0,0,0,0,0,0,0,0,2,34,148,240,130,4,0,0,0,0,0,0,0,0,0,0,0,0,0,0,0,0,0,0,0,0,0,18,80,155,249,214,58,2,0,0,0,0,0,0,0,0,0,0,0,0,0,0,0,0,0,7,22,6,6,101,196,235,245,107,19,1,0,0,0,0,0,0,0,0,0,0,15,16,1,4,6,1,21,69,126,143,179,233,222,160,73,10,0,0,0,0,0,0,0,0,0,0,0,24,71,136,148,98,87,113,175,232,209,202,238,219,127,47,9,0,0,0,0,0,0,0,0,0,0,0,0,9,79,140,155,204,187,144,151,118,78,70,46,0,0,0,0,0,0,0,0,0,0,0,0,0,0,0,0,0,3,19,35,13,23,35,36,0,0,0,0,0,0,0,0,0,0,0,0,0,0,0,0,0,0,0,0,0,0,0,0,0,0,0,0,0,0,0,0,0,0,0,0,0,0,0,0,0,0,0,0,0,0,0,0,0,0,0,0,0,0,0,0,0,0,0,0,0,0,0,0,0,0,0,0,0,3
0,0,0,0,0,0,0,0,0,0,0,0,0,0,0,0,0,0,0,0,0,0,0,0,0,0,0,0,0,0,0,0,0,0,0,0,0,0,0,0,0,0,0,0,0,0,0,0,0,0,0,0,0,0,0,0,0,0,0,0,0,0,0,0,0,0,0,0,0,0,0,0,0,0,0,0,0,0,0,0,0,0,0,0,0,0,0,0,0,0,0,0,0,0,0,0,0,0,0,0,0,0,0,0,0,0,0,0,0,0,0,0,0,0,0,0,0,0,0,0,0,0,0,0,0,0,0,0,0,0,0,0,0,0,0,0,0,0,0,0,0,0,0,0,0,0,0,0,0,0,0,0,0,0,0,0,0,0,0,0,0,26,12,0,0,0,0,0,0,0,0,0,0,0,0,0,0,0,0,0,0,0,0,0,0,0,0,0,15,140,133,26,0,0,0,0,0,0,0,0,0,0,0,0,0,0,0,0,0,0,0,0,0,0,0,19,118,237,181,1,0,0,0,0,0,0,0,0,0,0,0,0,0,0,2,25,70,22,0,0,0,0,16,107,219,203,102,0,0,0,0,0,0,0,0,0,0,0,0,0,0,0,50,182,206,33,0,0,0,6,117,212,206,96,15,0,0,0,0,0,0,0,0,0,0,0,0,0,4,49,176,236,175,8,0,0,0,58,229,239,101,17,0,0,0,0,0,0,0,0,0,0,0,0,0,0,31,140,204,132,52,1,0,8,63,186,230,138,9,0,0,0,0,0,0,0,0,0,0,0,0,0,0,0,69,214,136,37,1,0,0,77,174,225,136,28,0,0,0,0,0,0,0,0,0,0,0,0,0,0,0,8,96,252,178,100,59,24,58,196,234,127,32,0,0,0,0,0,0,0,0,0,0,0,0,0,0,0,0,18,109,240,245,214,189,187,222,253,224,57,71,46,23,0,0,0,0,0,0,0,0,0,0,0,0,0,0,7,57,169,243,248,252,253,252,254,254,254,218,172,104,1,0,0,0,0,0,0,0,0,0,0,0,0,0,0,0,0,43,141,236,250,227,200,205,252,239,214,132,8,0,0,0,0,0,0,0,0,0,0,0,0,0,0,0,0,4,150,248,170,65,66,39,36,70,81,31,0,0,0,0,0,0,0,0,0,0,0,0,0,0,0,0,10,85,232,212,96,0,0,0,1,0,0,0,0,0,0,0,0,0,0,0,0,0,0,0,0,0,0,0,88,192,227,112,4,0,0,0,0,0,0,0,0,0,0,0,0,0,0,0,0,0,0,0,0,0,0,13,179,238,172,45,0,0,0,0,0,0,0,0,0,0,0,0,0,0,0,0,0,0,0,0,0,0,8,76,247,215,58,0,0,0,0,0,0,0,0,0,0,0,0,0,0,0,0,0,0,0,0,0,0,0,12,105,201,104,0,0,0,0,0,0,0,0,0,0,0,0,0,0,0,0,0,0,0,0,0,0,0,0,0,0,25,20,0,0,0,0,0,0,0,0,0,0,0,0,0,0,0,0,0,0,0,0,0,0,0,0,0,0,0,0,0,0,0,0,0,0,0,0,0,0,0,0,0,0,0,0,0,0,0,0,0,0,0,0,0,0,0,0,0,0,0,0,0,0,0,0,0,0,0,0,0,0,0,0,0,0,0,0,0,0,0,0,0,0,0,0,0,0,0,0,0,0,0,0,0,0,0,0,0,0,0,0,0,0,0,0,0,0,0,0,0,0,0,0,0,0,0,0,0,0,0,0,0,0,0,0,0,0,0,0,0,4
0,0,0,0,0,0,0,0,0,0,0,0,0,0,0,0,0,0,0,0,0,0,0,0,0,0,0,0,0,0,0,0,0,0,0,0,0,0,0,0,0,0,0,0,0,0,0,0,0,0,0,0,0,0,0,0,0,0,0,0,0,0,0,0,0,0,0,0,0,0,0,0,0,0,0,0,0,0,0,0,0,0,0,0,0,0,0,0,0,0,0,0,0,0,0,0,0,0,0,0,0,0,0,0,0,0,0,0,0,0,0,0,0,0,0,0,0,0,0,0,0,0,0,0,0,0,0,0,0,0,0,0,0,0,0,0,0,0,0,0,0,0,0,0,0,0,0,0,0,0,0,0,0,0,0,0,0,2,12,4,0,0,0,0,0,0,0,0,0,0,0,0,0,0,0,0,0,0,0,0,0,0,0,0,0,21,81,92,21,0,0,0,0,0,0,0,0,0,0,0,0,0,0,0,0,0,0,0,0,0,0,0,0,48,176,229,85,0,0,0,0,0,0,0,0,0,0,0,0,0,0,0,0,0,0,0,0,6,18,22,85,114,213,152,38,0,0,0,0,0,0,0,0,0,0,0,0,0,0,0,0,0,0,0,6,62,215,205,217,198,196,84,6,0,0,0,0,18,3,0,0,0,0,0,0,0,0,2,6,1,10,56,108,173,252,253,221,117,17,4,0,0,4,27,112,143,0,0,0,0,0,0,0,7,32,63,76,101,148,192,237,249,230,184,106,11,0,0,0,23,79,173,207,108,0,0,0,0,0,0,0,135,171,200,241,247,240,248,252,252,230,187,121,60,19,24,69,135,213,251,188,63,0,0,0,0,0,0,26,241,252,251,240,252,252,252,252,252,249,237,224,212,201,196,204,235,243,207,122,31,0,0,0,0,0,0,10,99,160,162,147,148,166,164,176,228,245,203,252,252,252,248,252,248,204,38,19,4,0,0,0,0,0,0,0,17,32,12,4,13,37,30,0,1,31,94,217,252,252,252,235,168,120,0,0,0,0,0,0,0,0,0,0,0,0,0,0,0,0,3,11,31,116,176,219,247,251,197,106,35,0,0,0,0,0,0,0,0,0,0,0,0,0,0,0,0,13,62,98,188,232,248,239,195,129,59,14,0,0,0,0,0,0,0,0,0,0,0,0,0,0,1,6,57,161,195,249,251,242,169,142,70,13,3,0,0,0,0,0,0,0,0,0,0,0,0,0,0,1,27,95,178,248,246,222,157,92,38,11,0,0,0,0,0,0,0,0,0,0,0,0,0,0,0,0,0,4,91,213,243,227,174,112,43,10,0,0,0,0,0,0,0,0,0,0,0,0,0,0,0,0,0,0,0,3,101,224,252,154,49,3,1,0,0,0,0,0,0,0,0,0,0,0,0,0,0,0,0,0,0,0,0,0,35,206,199,62,7,0,0,0,0,0,0,0,0,0,0,0,0,0,0,0,0,0,0,0,0,0,0,0,0,14,44,8,0,0,0,0,0,0,0,0,0,0,0,0,0,0,0,0,0,0,0,0,0,0,0,0,0,0,0,0,0,0,0,0,0,0,0,0,0,0,0,0,0,0,0,0,0,0,0,0,0,0,0,0,0,0,0,0,0,0,0,0,0,0,0,0,0,0,0,0,0,0,0,0,0,0,0,0,0,0,0,0,0,0,0,0,0,0,0,0,0,0,0,0,0,0,0,0,0,0,0,0,0,0,0,0,0,0,0,0,0,0,0,0,0,0,0,0,0,0,0,0,0,0,0,0,0,0,0,0,0,4
0,0,0,0,0,0,0,0,0,0,0,0,0,0,0,0,0,0,0,0,0,0,0,0,0,0,0,0,0,0,0,0,0,0,0,0,0,0,0,0,0,0,0,0,0,0,0,0,0,0,0,0,0,0,0,0,0,0,0,0,0,0,0,0,0,0,0,0,0,0,0,0,0,0,0,0,0,0,0,0,0,0,0,0,0,0,0,0,0,0,0,0,0,0,0,0,0,0,0,0,0,0,0,0,0,0,0,0,0,0,0,0,0,0,0,0,0,0,0,0,0,0,0,0,0,0,0,0,0,0,0,0,0,0,0,0,0,0,0,0,0,0,0,0,0,0,0,0,0,0,2,48,80,52,5,0,0,0,0,0,0,0,0,0,0,0,0,0,0,0,0,0,0,0,0,0,0,0,15,156,235,239,89,6,0,0,0,0,0,0,0,0,0,0,0,0,0,0,0,0,0,0,0,0,0,0,24,232,253,253,106,11,0,0,0,0,0,0,0,0,0,0,0,0,0,0,0,0,0,0,0,0,0,3,49,253,251,234,39,0,0,0,0,0,0,56,3,0,0,0,0,0,0,0,0,0,0,0,0,0,0,20,114,253,236,153,9,0,0,0,3,31,147,206,117,7,0,0,0,0,0,0,0,0,0,0,0,0,0,56,175,253,198,78,0,0,0,0,27,128,247,250,182,19,0,0,0,0,0,0,0,0,0,0,0,0,0,129,228,252,154,37,0,0,0,0,70,193,252,210,110,13,0,0,0,0,0,0,0,0,0,0,0,0,44,203,249,247,104,18,0,0,0,1,123,224,241,111,23,0,0,0,0,0,0,0,0,0,0,0,0,1,84,248,252,200,13,0,0,0,0,42,209,250,231,45,0,0,0,0,0,0,0,0,0,0,0,0,0,36,193,253,232,109,34,29,66,83,98,167,253,252,143,4,0,0,0,0,0,0,0,0,0,0,0,0,7,88,225,253,230,157,177,241,234,216,222,248,253,246,170,0,0,0,0,0,0,0,0,0,0,0,0,0,12,133,246,253,243,225,220,217,186,200,239,253,248,230,129,0,0,0,0,0,0,0,0,0,0,0,0,0,0,30,75,113,116,106,74,24,24,123,224,249,204,95,19,0,0,0,0,0,0,0,0,0,0,0,0,0,0,0,6,17,7,0,0,0,0,167,240,237,87,11,0,0,0,0,0,0,0,0,0,0,0,0,0,0,0,0,0,0,0,0,0,0,10,233,252,198,23,0,0,0,0,0,0,0,0,0,0,0,0,0,0,0,0,0,0,0,0,0,0,13,103,252,241,113,0,0,0,0,0,0,0,0,0,0,0,0,0,0,0,0,0,0,0,0,0,0,1,58,196,253,211,78,0,0,0,0,0,0,0,0,0,0,0,0,0,0,0,0,0,0,0,0,0,0,19,131,239,253,161,31,0,0,0,0,0,0,0,0,0,0,0,0,0,0,0,0,0,0,0,0,0,0,35,183,251,238,99,5,0,0,0,0,0,0,0,0,0,0,0,0,0,0,0,0,0,0,0,0,0,0,44,219,253,188,43,1,0,0,0,0,0,0,0,0,0,0,0,0,0,0,0,0,0,0,0,0,0,1,52,252,178,85,4,0,0,0,0,0,0,0,0,0,0,0,0,0,0,0,0,0,0,0,0,0,0,0,0,24,36,14,0,0,0,0,0,0,0,0,0,0,0,0,0,0,0,0,0,0,0,0,0,0,0,0,0,0,0,0,0,0,0,0,0,0,0,0,0,0,0,0,4
0,0,0,0,0,0,0,0,0,0,0,0,0,0,0,0,0,0,0,0,0,0,0,0,0,0,0,0,0,0,0,0,0,0,0,0,0,0,0,0,0,0,0,0,0,0,0,0,0,0,0,0,0,0,0,0,0,0,0,0,0,0,0,0,0,0,0,0,0,0,0,0,0,0,0,0,0,0,0,0,0,0,0,0,0,0,0,0,0,0,0,0,0,0,0,0,0,0,0,7,78,62,4,0,0,0,0,0,0,0,0,0,0,0,0,0,0,0,0,0,0,0,0,0,0,0,2,68,182,94,7,0,0,0,0,0,0,0,0,0,0,0,0,0,0,0,0,0,0,0,0,0,0,0,9,168,233,71,5,0,0,0,0,0,0,0,0,0,0,0,0,0,0,0,0,0,0,0,0,0,0,0,91,240,221,28,1,0,0,0,0,0,0,0,0,0,0,0,0,0,0,0,0,0,0,0,0,0,0,12,122,242,113,1,0,0,0,0,0,0,0,0,0,0,0,0,0,0,0,0,0,0,0,0,0,0,2,50,196,199,36,5,21,17,0,0,0,0,0,0,0,0,0,0,0,0,0,0,0,0,0,0,0,0,31,131,209,99,5,36,110,82,0,0,0,0,0,0,0,0,0,0,0,0,0,0,0,0,0,0,0,20,117,186,108,18,0,97,215,131,0,0,0,0,0,0,0,0,0,0,0,0,0,0,0,0,0,0,8,97,199,119,23,1,0,147,221,88,0,0,0,0,0,0,0,0,0,0,0,0,0,0,0,0,0,0,81,195,165,35,0,0,0,180,183,43,0,0,0,0,0,0,0,0,0,0,0,0,0,0,0,0,0,62,205,208,39,2,0,0,20,219,173,20,0,0,0,0,0,0,0,0,0,0,0,0,0,0,0,6,61,192,224,81,0,0,0,3,63,246,144,0,0,0,0,0,0,0,0,0,0,0,0,0,0,0,5,60,185,220,124,11,9,5,0,12,99,231,109,22,28,43,0,0,0,0,0,0,0,0,0,0,0,0,49,164,245,227,146,96,94,101,114,154,201,235,166,139,197,194,49,0,0,0,0,0,0,0,0,0,0,0,59,188,254,254,254,248,248,251,241,241,251,252,244,238,244,184,52,0,0,0,0,0,0,0,0,0,0,0,4,59,105,134,162,167,185,176,159,215,251,192,153,136,91,38,9,0,0,0,0,0,0,0,0,0,0,0,0,6,13,20,27,7,0,0,17,168,244,86,8,0,0,1,0,0,0,0,0,0,0,0,0,0,0,0,0,0,0,0,0,0,0,0,0,195,249,36,0,0,0,0,0,0,0,0,0,0,0,0,0,0,0,0,0,0,0,0,0,0,0,0,8,226,209,2,0,0,0,0,0,0,0,0,0,0,0,0,0,0,0,0,0,0,0,0,0,0,0,0,40,218,151,0,0,0,0,0,0,0,0,0,0,0,0,0,0,0,0,0,0,0,0,0,0,0,0,0,11,63,54,0,0,0,0,0,0,0,0,0,0,0,0,0,0,0,0,0,0,0,0,0,0,0,0,0,0,0,0,0,0,0,0,0,0,0,0,0,0,0,0,0,0,0,0,0,0,0,0,0,0,0,0,0,0,0,0,0,0,0,0,0,0,0,0,0,0,0,0,0,0,0,0,0,0,0,0,0,0,0,0,0,0,0,0,0,0,0,0,0,0,0,0,0,0,0,0,0,0,0,0,0,0,0,0,0,0,0,0,0,0,0,0,0,0,0,0,0,0,0,0,0,0,0,4
0,0,0,0,0,0,0,0,0,0,0,0,0,0,0,0,0,0,0,0,0,0,0,0,0,0,0,0,0,0,0,0,0,0,0,0,0,0,0,0,0,0,0,0,0,0,0,0,0,0,0,0,0,0,0,0,0,0,0,0,0,0,0,0,0,0,0,0,0,0,0,0,0,0,0,0,0,0,0,0,0,0,0,0,0,0,0,0,0,0,0,0,0,0,0,0,0,0,0,0,0,0,0,0,0,0,0,0,0,0,0,0,0,0,0,0,0,0,0,0,0,0,0,0,0,0,0,0,0,0,0,0,0,0,0,0,0,0,0,0,0,0,0,0,0,0,0,0,0,0,0,0,0,0,0,33,141,167,75,0,0,0,0,0,0,0,0,0,0,0,0,0,0,0,0,0,0,0,0,0,0,0,9,95,234,238,136,2,0,0,0,0,0,0,0,0,0,0,0,0,0,0,0,0,0,0,0,0,0,0,59,181,251,224,112,2,0,0,0,0,0,0,0,0,0,0,0,0,0,0,0,0,0,0,0,0,0,6,112,227,253,205,80,0,0,0,0,0,0,0,0,0,0,0,0,0,0,0,0,0,0,0,0,0,5,40,173,251,253,161,43,0,0,0,0,0,0,0,0,0,0,0,0,0,0,0,0,0,0,0,0,0,50,156,233,253,224,86,10,0,0,0,0,0,0,0,0,0,0,0,0,0,0,0,0,0,0,0,0,18,128,230,252,253,208,46,0,0,0,0,0,0,0,0,0,0,0,0,0,0,0,0,0,0,20,46,57,125,233,252,253,253,202,27,0,0,0,0,0,0,0,0,0,0,0,0,0,0,0,0,0,0,112,173,209,248,252,244,250,252,200,13,0,0,0,0,0,0,0,0,0,0,0,0,0,0,0,0,0,11,175,253,252,244,224,110,204,252,224,26,0,0,0,0,0,0,0,0,0,0,0,0,0,0,0,0,0,10,97,199,207,168,79,26,206,248,196,21,0,0,0,0,0,0,0,0,0,0,0,0,0,0,0,0,0,0,16,71,73,22,0,43,211,251,202,30,0,0,0,0,0,0,0,0,0,0,0,0,0,0,0,0,0,0,0,0,0,0,0,38,168,253,198,46,0,0,0,0,0,0,0,0,0,0,0,0,0,0,0,0,0,0,0,0,0,0,0,36,156,253,208,80,0,0,0,0,0,0,0,0,0,0,0,0,0,0,0,0,0,0,0,0,0,0,0,20,141,249,211,87,0,0,0,0,0,0,0,0,0,0,0,0,0,0,0,0,0,0,0,0,0,0,0,0,121,236,241,104,3,0,0,0,0,0,0,0,0,0,0,0,0,0,0,0,0,0,0,0,0,0,0,0,88,214,253,116,12,0,0,0,0,0,0,0,0,0,0,0,0,0,0,0,0,0,0,0,0,0,0,0,53,199,250,192,47,1,0,0,0,0,0,0,0,0,0,0,0,0,0,0,0,0,0,0,0,0,0,0,4,129,236,246,87,8,0,0,0,0,0,0,0,0,0,0,0,0,0,0,0,0,0,0,0,0,0,0,0,47,190,248,98,8,0,0,0,0,0,0,0,0,0,0,0,0,0,0,0,0,0,0,0,0,0,0,0,6,48,87,36,0,0,0,0,0,0,0,0,0,0,0,0,0,0,0,0,0,0,0,0,0,0,0,0,0,0,0,0,0,0,0,0,0,0,0,0,0,0,0,0,0,0,0,0,0,0,0,0,0,0,0,0,0,0,0,0,0,0,0,0,0,0,0,0,0,4
0,0,0,0,0,0,0,0,0,0,0,0,0,0,0,0,0,0,0,0,0,0,0,0,0,0,0,0,0,0,0,0,0,0,0,0,0,0,0,0,0,0,0,0,0,0,0,0,0,0,0,0,0,0,0,0,0,0,0,0,0,0,0,0,0,0,0,0,0,0,0,0,0,0,0,0,0,0,0,0,0,0,0,0,0,0,0,0,0,0,0,0,0,0,0,0,0,0,0,0,0,0,0,0,0,0,0,0,0,0,0,0,0,0,0,0,0,0,0,0,0,0,0,0,0,0,0,0,0,0,0,0,0,0,0,0,0,0,0,0,0,0,0,0,0,0,0,0,8,88,170,158,54,5,0,0,0,0,0,0,0,0,0,0,0,0,0,0,0,0,0,0,0,0,0,0,71,189,244,241,126,24,0,0,0,0,0,0,0,0,0,0,0,0,0,0,0,0,0,0,0,0,3,47,165,240,251,243,136,26,0,0,0,0,0,0,0,0,0,0,0,0,0,0,0,0,0,0,0,2,39,145,232,252,245,176,54,0,0,0,0,0,0,0,7,41,43,0,0,0,0,0,0,0,0,0,0,9,97,225,251,252,238,137,5,0,0,0,0,0,3,38,123,160,85,0,0,0,0,0,0,0,0,0,2,37,154,251,252,245,177,43,0,0,0,0,0,0,24,130,228,221,103,0,0,0,0,0,0,0,0,0,15,110,240,252,247,199,74,4,0,0,0,0,0,10,91,221,251,230,115,0,0,0,0,0,0,0,0,0,24,161,251,251,242,166,11,0,0,0,0,0,0,19,175,252,251,239,128,0,0,0,0,0,0,0,0,0,17,163,251,251,246,169,0,0,0,0,0,0,34,59,201,252,250,231,66,0,0,0,0,0,0,0,0,0,38,203,250,251,251,181,5,0,0,0,10,32,170,201,237,253,252,190,23,0,0,0,0,0,0,0,0,0,55,207,247,251,252,228,181,196,218,240,254,253,252,252,252,253,252,107,11,0,0,0,0,0,0,0,0,0,0,117,231,252,251,253,252,251,251,251,252,251,246,244,249,252,251,88,8,0,0,0,0,0,0,0,0,0,0,82,164,222,247,252,251,251,251,251,249,238,194,184,229,252,251,107,11,0,0,0,0,0,0,0,0,0,0,9,30,114,177,187,177,167,158,148,138,126,55,70,192,252,251,125,14,0,0,0,0,0,0,0,0,0,0,0,0,19,52,58,46,33,21,9,0,0,0,55,181,252,253,145,17,0,0,0,0,0,0,0,0,0,0,0,0,0,0,0,0,0,0,0,0,0,0,38,149,241,253,163,20,0,0,0,0,0,0,0,0,0,0,0,0,0,0,0,0,0,0,0,0,0,0,11,85,214,252,187,36,0,0,0,0,0,0,0,0,0,0,0,0,0,0,0,0,0,0,0,0,0,0,0,43,197,252,231,149,38,0,0,0,0,0,0,0,0,0,0,0,0,0,0,0,0,0,0,0,0,0,0,20,133,194,249,227,108,0,0,0,0,0,0,0,0,0,0,0,0,0,0,0,0,0,0,0,0,0,0,2,31,62,96,73,28,0,0,0,0,0,0,0,0,0,0,0,0,0,0,0,0,0,0,0,0,0,0,0,0,0,0,0,0,0,0,0,0,0,0,0,0,0,0,0,0,0,0,0,0,0,0,0,0,0,0,0,0,0,0,0,0,0,0,0,0,0,0,0,0,0,0,0,0,0,0,0,0,0,0,0,0,0,0,0,0,0,0,0,0,0,0,0,0,4
0,0,0,0,0,0,0,0,0,0,0,0,0,0,0,0,0,0,0,0,0,0,0,0,0,0,0,0,0,0,0,0,0,0,0,0,0,0,0,0,0,0,0,0,0,0,0,0,0,0,0,0,0,0,0,0,0,0,0,0,0,0,0,0,0,0,0,0,0,0,0,0,0,0,0,0,0,0,0,0,0,0,0,0,0,0,0,0,0,0,0,0,0,0,0,0,0,0,0,0,0,0,0,0,0,0,0,0,0,0,0,0,0,0,0,0,0,0,0,0,0,0,0,0,0,0,0,0,0,0,0,0,0,0,0,0,0,0,0,0,0,0,0,0,0,0,9,39,29,0,0,0,0,0,0,0,0,0,0,0,0,0,0,0,0,0,0,0,0,0,0,0,1,40,227,233,147,25,0,0,0,0,0,0,0,0,0,0,0,0,0,0,0,0,0,0,0,0,0,0,0,5,65,167,247,105,6,0,0,0,0,0,0,0,0,0,0,0,0,0,0,0,0,0,0,0,0,0,0,0,0,46,215,171,31,0,0,0,0,0,0,0,0,0,0,0,0,0,0,0,0,0,0,0,0,0,0,0,0,26,171,188,56,0,0,0,0,0,0,0,0,0,0,0,0,0,0,0,0,0,0,0,0,0,0,0,0,2,125,195,79,0,0,0,0,0,0,0,0,0,0,0,0,0,0,0,0,0,0,0,0,0,0,0,0,19,129,207,84,0,0,0,0,0,0,25,109,115,36,0,0,0,0,0,0,0,0,0,0,0,0,0,0,24,146,214,68,0,0,0,0,0,0,17,106,217,98,0,0,0,0,0,0,0,0,0,0,0,0,0,0,26,214,225,41,0,0,0,0,0,0,0,26,252,134,1,0,0,0,0,0,0,0,0,0,0,0,0,0,0,245,234,18,0,0,0,13,41,40,53,114,240,226,57,6,0,0,0,0,0,0,0,0,0,0,0,0,0,210,238,126,131,159,188,207,209,171,178,220,233,244,161,39,0,0,0,0,0,0,0,0,0,0,0,0,0,146,227,234,236,242,249,233,197,179,177,155,100,167,219,98,9,0,0,0,0,0,0,0,0,0,0,0,0,32,112,137,108,76,43,16,12,21,43,39,15,77,197,180,55,0,0,0,0,0,0,0,0,0,0,0,0,0,4,9,7,4,2,0,0,0,0,0,0,25,126,221,117,0,0,0,0,0,0,0,0,0,0,0,0,0,0,0,0,0,0,0,0,0,0,0,0,2,36,198,159,0,0,0,0,0,0,0,0,0,0,0,0,0,0,0,0,0,0,0,0,0,0,0,0,0,4,183,190,4,0,0,0,0,0,0,0,0,0,0,0,0,0,0,0,0,0,0,0,0,0,0,0,0,0,89,200,46,2,0,0,0,0,0,0,0,0,0,0,0,0,0,0,0,0,0,0,0,0,0,0,0,0,72,199,83,6,0,0,0,0,0,0,0,0,0,0,0,0,0,0,0,0,0,0,0,0,0,0,0,0,34,107,58,3,0,0,0,0,0,0,0,0,0,0,0,0,0,0,0,0,0,0,0,0,0,0,0,0,0,0,0,0,0,0,0,0,0,0,0,0,0,0,0,0,0,0,0,0,0,0,0,0,0,0,0,0,0,0,0,0,0,0,0,0,0,0,0,0,0,0,0,0,0,0,0,0,0,0,0,0,0,0,0,0,0,0,0,0,0,0,0,0,0,0,0,0,0,0,0,0,0,0,0,0,0,0,0,0,0,0,0,0,0,0,0,0,0,0,4
0,0,0,0,0,0,0,0,0,0,0,0,0,0,0,0,0,0,0,0,0,0,0,0,0,0,0,0,0,0,0,0,0,0,0,0,0,0,0,0,0,0,0,0,0,0,0,0,0,0,0,0,0,0,0,0,0,0,0,0,0,0,0,0,0,0,0,0,0,0,0,0,0,0,0,0,0,0,0,0,0,0,0,0,0,0,0,0,0,0,0,0,0,0,0,0,0,0,0,0,0,0,0,0,16,93,75,15,0,0,0,0,0,0,0,0,0,0,0,0,0,0,0,0,0,0,0,0,0,0,0,8,87,207,154,32,0,0,0,0,0,0,0,0,0,0,0,0,11,2,0,0,0,0,0,0,0,0,0,65,203,222,102,9,0,0,0,0,0,0,0,0,0,0,17,80,100,27,0,0,0,0,0,0,0,0,17,125,250,207,24,0,0,0,0,0,0,0,0,0,0,17,117,246,219,62,0,0,0,0,0,0,0,0,22,202,253,217,0,0,0,0,0,0,0,0,0,0,4,79,220,253,245,31,0,0,0,0,0,0,0,0,26,226,254,175,25,0,0,0,0,0,0,0,0,0,0,171,248,253,244,62,5,0,0,0,0,0,0,7,116,232,245,127,20,0,0,0,0,0,0,0,0,0,14,188,252,159,144,60,6,0,0,0,0,0,0,58,189,253,211,81,4,0,0,0,0,0,0,0,0,0,45,182,214,84,7,6,1,0,0,0,0,0,14,110,234,251,167,32,0,0,0,0,0,0,0,0,0,0,50,175,213,92,0,0,0,0,0,0,1,18,69,194,250,219,68,0,0,0,0,0,0,0,0,0,0,0,28,152,244,184,15,0,0,0,0,0,20,106,171,248,253,189,1,0,0,0,0,0,0,0,0,0,0,0,5,81,251,249,63,18,25,36,48,59,165,237,252,254,215,60,3,0,0,0,0,0,0,0,0,0,0,0,0,11,214,253,235,136,137,168,200,233,250,236,244,254,158,32,0,0,0,0,0,0,0,0,0,0,0,0,0,0,113,216,252,249,253,254,254,232,198,180,227,237,127,15,0,0,0,0,0,0,0,0,0,0,0,0,0,0,22,84,162,191,190,163,133,78,38,150,245,207,71,1,0,0,0,0,0,0,0,0,0,0,0,0,0,0,0,7,3,17,48,39,25,12,54,222,249,190,16,0,0,0,0,0,0,0,0,0,0,0,0,0,0,0,0,0,0,0,0,0,0,4,96,254,251,156,3,0,0,0,0,0,0,0,0,0,0,0,0,0,0,0,0,0,0,0,0,0,0,6,180,249,235,94,71,54,11,0,0,0,0,0,0,0,0,0,0,0,0,0,0,0,0,0,0,0,0,45,198,254,230,167,194,134,31,0,0,0,0,0,0,0,0,0,0,0,0,0,0,0,0,0,0,0,0,40,166,249,254,253,217,93,0,0,0,0,0,0,0,0,0,0,0,0,0,0,0,0,0,0,0,0,0,6,73,214,251,222,125,18,0,0,0,0,0,0,0,0,0,0,0,0,0,0,0,0,0,0,0,0,0,0,23,137,181,115,33,0,0,0,0,0,0,0,0,0,0,0,0,0,0,0,0,0,0,0,0,0,0,0,0,0,0,0,0,0,0,0,0,0,0,0,0,0,0,0,0,0,0,0,0,0,0,0,0,0,0,0,0,0,0,0,0,0,0,0,0,0,0,0,0,0,0,0,0,0,0,0,0,0,0,0,0,0,0,0,0,0,0,0,0,0,0,0,0,0,0,0,0,0,4
0,0,0,0,0,0,0,0,0,0,0,0,0,0,0,0,0,0,0,0,0,0,0,0,0,0,0,0,0,0,0,0,0,0,0,0,0,0,0,0,0,0,0,0,0,0,0,0,0,0,0,0,0,0,0,0,0,0,0,0,0,0,0,0,0,0,0,0,0,0,0,0,0,0,0,0,0,0,0,0,0,0,0,0,0,0,0,0,0,0,0,0,0,0,0,0,0,0,0,0,0,0,6,80,143,90,3,0,0,0,0,0,0,0,0,0,0,0,0,0,0,0,0,0,0,0,0,0,0,0,38,203,233,203,79,11,0,0,0,0,0,0,0,0,0,0,0,0,0,0,0,0,0,0,0,0,0,13,126,222,157,73,65,33,0,0,0,0,0,0,0,0,0,0,0,0,0,0,0,0,0,0,0,0,0,64,197,202,76,5,3,0,0,0,0,0,0,0,0,0,0,0,0,0,0,0,0,0,0,0,0,0,14,112,231,125,14,0,0,0,0,0,0,0,0,0,0,0,0,0,0,0,0,0,0,0,0,0,0,1,33,200,236,45,0,0,0,0,0,0,0,0,0,0,0,0,0,0,0,0,0,0,0,0,0,0,0,0,82,228,144,18,0,0,0,0,0,0,0,0,0,0,0,0,0,0,0,0,0,0,0,0,0,0,0,13,137,195,68,2,0,0,0,0,0,0,0,0,0,0,0,0,0,0,0,0,0,3,5,0,0,0,1,59,175,134,19,0,0,0,0,0,0,0,0,0,0,0,0,0,0,0,0,0,0,32,61,0,0,0,8,100,226,141,0,0,0,0,0,0,0,0,0,0,0,0,0,0,0,0,0,4,41,149,156,0,0,0,11,161,247,139,0,0,0,0,0,0,0,0,0,0,0,0,0,0,0,0,0,21,176,243,73,2,0,0,6,221,183,54,1,0,0,0,0,0,0,0,0,0,0,0,0,0,0,0,7,115,229,125,17,0,0,0,59,206,130,19,0,0,0,0,0,0,0,0,0,0,0,0,0,0,0,10,83,205,174,42,16,13,5,24,150,241,142,6,0,0,0,0,0,0,0,0,0,0,0,0,0,0,0,43,169,252,215,150,118,118,127,159,221,244,178,49,0,0,0,0,0,0,0,0,0,0,0,0,0,0,0,31,124,173,196,192,211,171,133,220,251,203,119,35,0,0,0,0,0,0,0,0,0,0,0,0,0,0,0,1,26,42,47,10,33,29,75,221,216,56,9,0,0,0,0,0,0,0,0,0,0,0,0,0,0,0,0,0,0,0,0,0,0,5,127,238,188,48,0,0,0,0,0,0,0,0,0,0,0,0,0,0,0,0,0,0,0,0,0,0,0,15,137,230,119,8,0,0,0,0,0,0,0,0,0,0,0,0,0,0,0,0,0,0,0,0,0,0,0,34,165,215,61,0,0,0,0,0,0,0,0,0,0,0,0,0,0,0,0,0,0,0,0,0,0,0,3,68,235,190,18,0,0,0,0,0,0,0,0,0,0,0,0,0,0,0,0,0,0,0,0,0,0,0,0,101,224,93,6,0,0,0,0,0,0,0,0,0,0,0,0,0,0,0,0,0,0,0,0,0,0,0,0,59,107,33,0,0,0,0,0,0,0,0,0,0,0,0,0,0,0,0,0,0,0,0,0,0,0,0,0,0,0,0,0,0,0,0,0,0,0,0,0,0,0,0,0,0,0,0,0,0,0,0,0,0,0,0,0,0,0,0,0,0,0,0,0,0,0,0,0,0,0,0,0,0,4
0,0,0,0,0,0,0,0,0,0,0,0,0,0,0,0,0,0,0,0,0,0,0,0,0,0,0,0,0,0,0,0,0,0,0,0,0,0,0,0,0,0,0,0,0,0,0,0,0,0,0,0,0,0,0,0,0,0,0,0,0,0,0,0,0,0,0,0,0,0,0,0,0,0,0,0,0,0,0,0,0,0,0,0,0,0,0,0,0,0,0,0,0,0,0,0,0,0,0,0,0,0,0,0,0,0,0,0,0,0,0,0,0,0,0,0,0,0,0,0,0,0,0,0,0,0,0,0,0,38,95,44,0,0,0,0,0,0,0,0,0,0,0,0,0,0,0,0,0,0,0,0,0,0,0,11,107,162,243,166,10,0,0,0,0,0,0,0,0,0,0,0,0,0,0,0,0,0,0,0,0,0,0,2,180,248,254,241,84,17,0,0,0,0,0,0,0,0,0,0,0,0,1,1,0,3,2,0,0,0,0,32,176,251,251,250,218,112,1,0,0,0,0,0,0,0,0,0,0,0,29,89,116,80,13,0,0,0,0,14,90,233,239,189,234,147,1,0,0,0,0,0,0,0,0,0,0,0,79,206,219,147,16,0,0,0,0,10,142,253,232,100,238,75,7,0,0,0,0,0,0,0,0,0,0,4,52,189,252,237,66,0,0,0,0,56,199,250,209,135,213,131,19,0,0,0,0,0,0,0,0,0,0,0,0,103,234,241,90,11,0,0,4,108,224,253,231,204,210,107,1,0,0,0,0,0,0,0,0,0,0,0,1,111,229,240,128,17,0,0,22,142,245,254,248,238,210,44,0,0,0,0,0,0,0,0,0,0,0,0,7,98,244,247,182,24,0,0,21,181,254,254,254,244,156,16,0,0,0,0,0,0,0,0,0,0,0,0,7,108,254,253,222,85,53,7,34,182,247,254,251,184,63,3,0,0,0,0,0,0,0,0,0,0,0,0,9,178,245,254,254,229,190,174,202,239,254,254,229,107,11,0,0,0,0,0,0,0,0,0,0,0,0,0,61,183,246,254,254,254,251,246,253,254,254,242,153,29,0,0,0,0,0,0,0,0,0,0,0,0,0,8,79,208,254,254,254,211,200,202,234,241,254,254,53,3,0,0,0,0,0,0,0,0,0,0,0,0,0,12,138,253,250,193,71,44,70,48,34,178,246,194,50,2,0,0,0,0,0,0,0,0,0,0,0,0,0,1,139,239,231,98,8,0,0,0,51,177,245,156,19,0,0,0,0,0,0,0,0,0,0,0,0,0,0,2,140,247,169,44,0,0,0,0,37,175,237,124,1,0,0,0,0,0,0,0,0,0,0,0,0,0,0,22,141,214,75,5,0,0,0,2,51,247,253,95,6,0,0,0,0,0,0,0,0,0,0,0,0,0,0,5,50,147,12,0,0,0,0,0,117,232,246,131,31,0,0,0,0,0,0,0,0,0,0,0,0,0,0,0,4,0,0,0,0,0,0,7,90,204,239,150,22,0,0,0,0,0,0,0,0,0,0,0,0,0,0,0,0,0,0,0,0,0,0,7,73,225,243,160,24,0,0,0,0,0,0,0,0,0,0,0,0,0,0,0,0,0,0,0,0,0,0,0,7,117,183,82,10,0,0,0,0,0,0,0,0,0,0,0,0,0,0,0,0,0,0,0,0,0,0,0,0,3,0,0,0,0,0,0,0,0,0,0,0,0,0,0,0,0,0,0,0,0,0,0,0,0,0,0,0,0,0,0,0,0,0,0,0,0,0,0,0,0,4
0,0,0,0,0,0,0,0,0,0,0,0,0,0,0,0,0,0,0,0,0,0,0,0,0,0,0,0,0,0,0,0,0,0,0,0,0,0,0,0,0,0,0,0,0,0,0,0,0,0,0,0,0,0,0,0,0,0,0,0,0,0,0,0,0,0,0,0,0,0,0,0,0,0,0,0,0,0,0,0,0,0,0,0,0,0,0,0,0,0,0,0,0,0,0,0,0,0,6,0,0,0,0,0,0,0,0,0,0,0,0,0,0,0,0,0,0,0,0,0,0,0,0,0,0,0,53,165,146,72,32,0,0,0,0,0,0,0,0,0,0,0,0,0,0,0,0,0,0,0,0,0,0,0,67,215,231,203,228,165,92,64,17,0,0,0,0,0,0,0,0,0,0,0,0,0,0,0,0,0,0,0,8,201,251,253,252,238,209,217,185,48,3,0,0,0,0,0,0,0,0,0,0,0,0,0,0,0,0,19,70,190,189,189,241,253,252,250,249,145,4,0,0,0,0,0,0,0,0,0,0,0,0,0,0,0,7,110,215,239,137,45,48,98,147,196,243,177,14,0,0,0,0,0,0,0,0,0,0,0,0,0,2,15,112,208,247,252,109,17,0,13,23,50,109,84,11,0,0,0,0,0,0,0,0,0,0,0,0,10,80,188,236,252,253,243,41,1,0,0,0,0,9,9,0,0,0,0,0,0,0,0,0,0,0,0,0,26,146,248,253,252,252,220,80,8,0,0,0,0,0,0,0,0,0,0,0,0,0,0,0,0,0,0,0,34,197,252,252,246,253,243,178,46,0,0,0,0,0,0,0,0,0,0,0,0,0,0,0,0,0,0,0,20,186,219,201,171,167,199,246,93,5,0,0,0,0,0,0,0,0,0,0,0,0,0,0,0,0,0,0,0,20,68,62,0,24,90,215,205,20,0,0,0,0,0,0,0,0,0,0,0,0,0,0,0,70,108,53,11,0,0,0,0,1,27,145,222,81,0,0,0,0,0,0,0,0,0,0,0,0,0,0,0,133,220,164,114,83,57,18,0,0,0,142,252,142,21,0,0,0,0,0,0,0,0,0,0,0,0,0,28,168,252,253,253,221,181,89,3,14,61,214,253,135,25,0,0,0,0,0,0,0,0,0,0,0,0,0,40,166,244,226,250,252,247,187,31,118,199,253,245,100,2,0,0,0,0,0,0,0,0,0,0,0,0,0,7,160,233,146,56,171,243,237,220,229,252,251,190,45,0,0,0,0,0,0,0,0,0,0,0,0,0,0,0,111,244,252,241,229,247,253,252,252,250,214,97,7,0,0,0,0,0,0,0,0,0,0,0,0,0,0,1,46,181,238,253,252,253,249,253,229,178,63,12,0,0,0,0,0,0,0,0,0,0,0,0,0,0,0,0,11,63,165,240,204,185,187,119,75,23,0,0,0,0,0,0,0,0,0,0,0,0,0,0,0,0,0,0,0,0,0,36,59,39,13,12,0,0,0,0,0,0,0,0,0,0,0,0,0,0,0,0,0,0,0,0,0,0,0,0,0,0,0,0,0,0,0,0,0,0,0,0,0,0,0,0,0,0,0,0,0,0,0,0,0,0,0,0,0,0,0,0,0,0,0,0,0,0,0,0,0,0,0,0,0,0,0,0,0,0,0,0,0,0,0,0,0,0,0,0,0,0,0,0,0,0,0,0,0,0,0,0,0,0,0,0,0,0,0,0,0,0,0,0,0,0,0,0,0,0,0,0,0,0,0,0,0,0,0,0,0,0,5
0,0,0,0,0,0,0,0,0,0,0,0,0,0,0,0,0,0,0,0,0,0,0,0,0,0,0,0,0,0,0,0,0,0,0,0,0,0,0,0,0,0,0,0,0,0,0,0,0,0,0,0,0,0,0,0,0,0,0,0,0,0,0,0,0,0,0,0,0,0,0,0,0,0,0,0,0,0,0,0,0,0,0,0,0,0,0,0,0,0,0,0,0,0,0,0,0,0,0,0,0,0,0,0,0,0,0,0,0,0,0,0,0,0,0,0,0,0,0,0,0,0,0,0,0,0,0,0,0,0,0,0,0,0,0,0,0,0,0,0,0,0,0,0,0,0,0,0,0,0,0,0,0,0,0,0,0,0,0,0,0,0,0,0,0,0,0,0,0,0,0,0,0,0,0,0,0,0,0,0,0,0,0,0,0,0,0,0,0,0,0,0,0,0,0,0,0,0,0,0,0,0,0,0,0,0,0,0,0,0,0,0,0,0,0,0,0,0,0,0,0,0,0,0,0,0,0,0,0,0,0,0,0,0,0,0,0,5,1,50,63,29,27,27,45,44,41,21,0,0,0,0,0,0,0,0,0,0,0,0,0,0,0,6,41,74,111,215,193,133,185,224,199,173,169,168,174,81,10,0,0,0,0,0,0,0,0,0,8,37,106,136,174,246,249,252,252,252,254,252,251,252,253,252,243,165,0,0,0,0,0,0,0,0,0,0,68,187,230,238,248,247,229,236,234,226,242,252,252,252,253,252,226,124,0,0,0,0,0,0,0,0,0,0,121,234,252,252,252,252,250,206,135,120,151,177,176,173,200,240,190,69,0,0,0,0,0,0,0,0,0,2,77,252,252,252,252,253,253,229,102,9,0,22,44,39,42,53,46,16,0,0,0,0,0,0,0,0,0,0,34,197,243,219,234,241,252,246,156,0,0,0,0,0,0,0,2,0,0,0,0,0,0,0,20,66,49,7,1,32,82,103,128,131,212,231,135,6,0,0,0,0,0,0,0,0,0,0,0,0,0,0,138,201,154,61,4,2,4,5,8,9,124,222,144,30,0,0,0,0,0,0,0,0,0,0,0,0,0,0,157,245,239,175,27,0,23,41,52,168,225,225,135,35,0,0,0,0,0,0,0,0,0,0,0,0,0,21,159,252,250,225,97,136,168,167,183,247,251,220,53,5,0,0,0,0,0,0,0,0,0,0,0,0,0,4,89,223,248,250,252,238,248,252,250,252,235,139,0,0,0,0,0,0,0,0,0,0,0,0,0,0,0,0,18,121,186,224,250,240,211,192,191,154,101,32,0,0,0,0,0,0,0,0,0,0,0,0,0,0,0,0,0,34,61,128,106,70,70,51,17,8,12,0,0,0,0,0,0,0,0,0,0,0,0,0,0,0,0,0,0,0,0,0,3,2,0,0,0,0,0,0,0,0,0,0,0,0,0,0,0,0,0,0,0,0,0,0,0,0,0,0,0,0,0,0,0,0,0,0,0,0,0,0,0,0,0,0,0,0,0,0,0,0,0,0,0,0,0,0,0,0,0,0,0,0,0,0,0,0,0,0,0,0,0,0,0,0,0,0,0,0,0,0,0,0,0,0,0,0,0,0,0,0,0,0,0,0,0,0,0,0,0,0,0,0,0,0,0,0,0,0,0,0,0,0,0,0,0,0,0,0,0,0,0,0,0,0,0,0,0,0,0,0,0,0,0,0,0,0,0,0,0,0,0,0,0,0,0,0,0,0,0,0,0,0,0,0,0,0,0,0,0,0,5
0,0,0,0,0,0,0,0,0,0,0,0,0,0,0,0,0,0,0,0,0,0,0,0,0,0,0,0,0,0,0,0,0,0,0,0,0,0,0,0,0,0,0,0,0,0,0,0,0,0,0,0,0,0,0,0,0,0,0,0,0,0,0,0,0,0,0,0,0,0,0,0,0,0,0,0,0,0,0,0,0,0,0,0,0,0,0,0,0,0,0,0,0,0,0,0,0,0,0,0,0,0,0,0,0,0,0,0,0,0,0,0,0,0,0,0,0,0,0,0,0,0,0,0,0,0,0,0,0,0,0,0,0,0,0,0,0,0,0,0,0,0,0,0,0,0,0,0,0,0,0,0,0,0,0,0,0,0,0,0,0,0,0,0,0,0,0,0,0,0,0,0,0,0,0,0,0,0,0,0,0,0,0,0,0,0,0,0,0,0,0,0,0,0,0,0,0,0,0,0,0,0,0,0,0,0,0,0,0,0,0,0,0,0,0,0,0,0,0,0,0,0,0,0,0,0,0,0,0,0,0,0,0,0,0,0,0,4,0,0,27,23,22,19,2,27,22,16,9,3,0,0,0,0,0,0,0,0,0,0,0,0,0,0,11,54,111,158,174,145,132,169,206,203,165,127,88,44,0,0,0,0,0,0,0,0,0,0,0,0,0,29,85,173,250,244,249,226,195,171,133,125,125,164,187,127,0,0,0,0,0,0,0,0,0,0,0,0,20,125,204,235,253,216,156,105,42,3,10,18,14,19,18,7,0,0,0,0,0,0,0,0,0,0,0,0,47,208,167,92,62,53,32,7,0,0,0,0,0,0,0,0,0,0,0,0,0,0,0,0,0,0,0,0,24,206,112,17,3,1,0,0,0,0,0,0,0,0,0,0,0,0,0,0,0,0,0,0,0,0,0,0,10,113,207,130,7,0,0,0,0,0,0,0,0,0,0,0,0,0,0,0,0,0,0,0,0,0,0,0,1,23,111,223,152,30,0,0,0,0,0,0,0,0,0,0,0,0,0,0,0,0,2,1,0,0,0,0,0,0,19,104,193,117,13,0,0,0,0,0,0,0,0,0,0,0,0,0,0,0,105,88,20,0,0,0,0,0,0,4,144,161,42,0,0,0,0,0,0,0,0,0,0,0,0,0,0,0,140,207,97,16,0,0,0,0,0,0,98,191,62,3,0,0,0,0,0,0,0,0,0,0,0,0,0,2,47,154,217,191,107,79,59,39,20,47,183,181,33,2,0,0,0,0,0,0,0,0,0,0,0,0,0,0,2,28,114,203,197,179,162,145,138,208,211,100,0,0,0,0,0,0,0,0,0,0,0,0,0,0,0,0,0,0,0,0,33,69,106,140,151,107,66,23,0,0,0,0,0,0,0,0,0,0,0,0,0,0,0,0,0,0,0,0,0,0,0,0,0,3,5,0,0,0,0,0,0,0,0,0,0,0,0,0,0,0,0,0,0,0,0,0,0,0,0,0,0,0,0,0,0,0,0,0,0,0,0,0,0,0,0,0,0,0,0,0,0,0,0,0,0,0,0,0,0,0,0,0,0,0,0,0,0,0,0,0,0,0,0,0,0,0,0,0,0,0,0,0,0,0,0,0,0,0,0,0,0,0,0,0,0,0,0,0,0,0,0,0,0,0,0,0,0,0,0,0,0,0,0,0,0,0,0,0,0,0,0,0,0,0,0,0,0,0,0,0,0,0,0,0,0,0,0,0,0,0,0,0,0,0,0,0,0,0,0,0,0,0,0,0,0,0,0,0,5
0,0,0,0,0,0,0,0,0,0,0,0,0,0,0,0,0,0,0,0,0,0,0,0,0,0,0,0,0,0,0,0,0,0,0,0,0,0,0,0,0,0,0,0,0,0,0,0,0,0,0,0,0,0,0,0,0,0,0,0,0,0,0,0,0,0,0,0,0,0,0,0,0,0,0,0,0,0,0,0,0,0,0,0,0,0,0,0,0,0,0,0,0,0,0,0,0,0,0,0,0,0,0,0,0,0,0,0,0,0,0,0,0,0,0,0,0,0,0,0,0,60,24,35,27,15,2,0,0,0,0,0,0,0,0,0,0,0,0,0,0,0,0,0,0,0,0,0,81,194,154,162,136,123,122,64,27,34,37,32,6,3,0,0,0,0,0,0,0,0,0,0,0,0,0,4,216,253,252,253,253,253,254,226,191,173,160,150,64,116,53,47,5,0,0,0,0,0,0,0,0,0,28,172,251,254,254,254,253,248,253,253,253,253,253,253,250,253,227,203,107,55,1,0,0,0,0,0,0,0,76,247,254,254,254,245,217,181,150,165,179,192,190,186,219,241,190,169,154,113,0,0,0,0,0,0,0,6,114,251,254,198,153,160,92,9,3,24,45,62,53,13,16,15,29,39,59,58,0,0,0,0,0,0,0,30,172,253,229,111,35,36,14,0,0,0,0,0,0,0,0,0,0,0,0,0,0,0,0,0,0,0,0,0,178,252,245,118,35,6,0,0,0,0,0,0,0,0,0,0,0,0,0,0,0,0,0,0,0,0,0,0,173,248,254,206,149,48,6,0,0,0,0,0,0,0,0,0,0,0,0,0,0,0,0,0,0,0,0,0,26,188,250,253,245,153,58,12,0,0,0,0,0,0,0,0,0,0,0,0,0,0,0,0,0,0,0,0,0,26,119,227,254,251,213,158,58,12,0,0,0,0,0,0,0,0,0,0,0,0,0,0,0,0,0,0,0,1,29,115,199,237,248,254,228,160,118,72,15,0,0,0,0,0,0,0,0,0,0,0,0,0,0,0,0,0,2,25,80,143,198,249,252,241,227,188,100,28,3,0,0,0,0,0,0,0,0,0,0,0,0,0,0,0,0,0,0,8,57,155,227,249,254,251,224,145,51,11,0,0,0,0,0,0,0,0,0,0,0,2,0,0,0,0,0,0,0,0,60,132,205,242,252,254,224,103,15,0,0,0,0,0,0,0,0,0,34,49,16,2,0,6,9,7,3,0,5,26,75,147,220,250,254,231,72,3,0,0,0,0,0,0,0,1,156,250,206,128,106,119,113,91,49,2,15,36,85,99,187,246,254,253,173,24,0,0,0,0,0,0,0,15,143,238,252,236,223,233,245,252,225,154,199,198,213,200,230,254,254,254,237,18,0,0,0,0,0,0,0,0,24,103,122,154,206,221,245,252,253,252,250,254,254,253,253,251,252,253,236,67,0,0,0,0,0,0,0,0,0,0,5,26,60,93,142,184,219,238,196,158,177,194,200,188,149,129,120,36,0,0,0,0,0,0,0,0,0,0,0,0,0,0,0,0,0,7,29,36,52,65,43,0,0,16,19,0,0,0,0,0,0,0,0,0,0,0,0,0,0,0,0,0,0,0,0,0,0,0,0,0,0,0,0,0,0,0,0,0,0,0,0,0,0,0,0,0,0,0,0,0,0,0,0,0,0,0,0,0,0,0,0,0,0,0,0,0,0,0,0,0,0,0,0,0,0,0,0,0,0,0,0,0,0,0,0,0,0,0,0,0,0,0,0,0,5
0,0,0,0,0,0,0,0,0,0,0,0,0,0,0,0,0,0,0,0,0,0,0,0,0,0,0,0,0,0,0,0,0,0,0,0,0,0,0,0,0,0,0,0,0,0,0,0,0,0,0,0,0,0,0,0,0,0,0,0,0,0,0,0,0,0,0,0,0,0,0,0,0,0,0,0,0,0,0,0,0,0,0,0,0,0,0,0,0,0,0,0,0,0,0,0,0,0,0,0,0,0,0,0,0,0,0,0,0,0,0,0,0,0,0,0,0,0,0,0,0,0,0,0,0,0,0,0,0,0,0,0,0,0,0,0,0,0,0,0,0,0,0,0,0,0,0,0,0,0,0,0,0,0,0,0,0,0,0,0,0,0,0,0,0,0,0,0,0,0,0,0,0,0,0,0,0,0,0,0,0,0,0,0,0,3,22,47,59,72,73,42,9,0,0,0,0,0,0,0,0,0,0,0,0,0,0,3,11,9,18,67,125,159,169,178,187,219,254,208,79,0,0,0,0,0,0,0,0,0,0,0,0,0,19,59,107,154,205,230,235,244,250,253,253,253,250,221,105,0,0,0,0,0,0,0,0,0,0,0,0,0,82,205,253,253,252,252,250,244,236,209,178,181,184,123,34,0,0,0,0,0,0,0,0,0,0,0,0,5,146,237,251,248,253,253,160,88,85,76,45,34,24,6,0,0,0,0,0,0,0,0,0,0,0,0,0,58,214,254,222,149,76,63,31,5,0,0,0,0,0,0,0,0,0,0,0,0,0,0,0,0,0,0,8,162,244,243,80,7,2,4,0,0,0,0,0,0,0,0,0,0,0,0,0,0,0,0,0,0,0,0,78,232,252,214,51,7,0,0,0,0,0,0,0,0,0,0,0,0,0,0,0,0,0,0,0,0,0,12,184,253,253,252,222,139,10,0,0,0,0,0,0,0,0,0,0,0,0,0,0,0,0,0,0,0,0,23,175,247,231,239,249,244,155,19,0,0,0,0,0,0,0,0,0,0,0,0,0,0,0,0,0,0,0,11,75,148,127,151,207,251,223,90,0,0,0,0,0,0,0,0,0,0,0,0,0,0,0,0,0,0,0,0,4,7,0,2,56,193,249,166,10,0,0,0,0,0,0,0,0,0,0,0,0,0,0,0,0,0,0,0,0,0,0,0,49,176,252,181,39,0,0,0,0,0,0,0,0,0,0,0,0,0,0,0,0,0,0,0,0,0,0,0,47,171,253,138,9,0,0,0,0,0,0,0,0,0,0,0,0,0,0,0,0,0,0,0,0,0,0,4,81,199,235,98,0,0,0,0,0,0,0,0,0,0,0,0,0,0,0,0,0,0,5,42,16,0,2,40,176,249,197,60,0,0,0,0,0,0,0,0,0,0,0,0,0,0,0,0,0,0,29,138,42,28,55,146,232,244,97,15,0,0,0,0,0,0,0,0,0,0,0,0,0,0,0,0,0,0,34,202,120,144,200,245,251,171,30,1,0,0,0,0,0,0,0,0,0,0,0,0,0,0,0,0,0,0,11,213,230,251,253,244,217,64,5,0,0,0,0,0,0,0,0,0,0,0,0,0,0,0,0,0,0,0,2,104,142,164,187,164,44,0,0,0,0,0,0,0,0,0,0,0,0,0,0,0,0,0,0,0,0,0,0,0,0,0,0,0,0,0,0,0,0,0,0,0,0,0,0,0,0,0,0,0,0,0,0,0,0,0,0,0,0,0,0,0,0,0,0,0,0,0,0,0,0,0,0,0,0,0,0,0,5
0,0,0,0,0,0,0,0,0,0,0,0,0,0,0,0,0,0,0,0,0,0,0,0,0,0,0,0,0,0,0,0,0,0,0,0,0,0,0,0,0,0,0,0,0,0,0,0,0,0,0,0,0,0,0,0,0,0,0,0,0,0,0,0,0,0,0,0,0,0,0,0,0,0,0,0,0,0,0,0,0,0,0,0,0,0,0,0,0,0,0,0,0,0,0,0,0,0,0,0,0,0,0,0,0,0,0,0,0,0,0,0,0,0,0,0,0,0,0,0,0,0,0,0,0,0,0,0,0,0,0,0,0,0,0,0,0,0,0,0,0,0,0,0,0,0,0,0,0,0,0,0,0,0,0,0,0,0,0,0,0,0,17,76,84,25,0,0,0,0,0,0,0,0,0,0,0,0,0,0,0,0,0,0,3,27,66,96,137,171,198,228,222,83,0,0,0,0,0,0,0,0,0,0,0,0,0,0,0,0,0,10,53,131,195,222,237,227,205,186,151,59,0,0,0,0,0,0,0,0,0,0,0,0,0,0,0,0,7,58,149,202,203,175,124,73,45,26,9,0,0,0,0,0,0,0,0,0,0,0,0,0,0,0,7,56,117,88,49,71,79,51,18,0,0,0,0,0,0,0,0,0,0,0,0,0,0,0,0,0,0,9,85,226,228,119,0,0,0,0,0,0,0,0,0,0,0,0,0,0,0,0,0,0,0,0,0,0,10,82,219,227,102,8,0,0,0,0,0,0,0,0,0,0,0,0,0,0,0,0,0,0,0,0,0,0,23,168,242,154,22,23,22,2,0,0,0,0,0,0,0,0,0,0,0,0,0,0,0,0,0,0,0,0,26,239,253,245,242,184,139,36,0,0,0,0,0,0,0,0,0,0,0,0,0,0,0,0,0,0,0,0,10,159,192,241,233,228,251,128,7,0,0,0,0,0,0,0,0,0,0,0,0,0,0,0,0,0,0,0,2,27,24,11,0,81,232,171,22,0,0,0,0,0,0,0,0,0,0,0,0,0,0,0,28,43,12,0,0,0,0,0,4,143,237,146,25,0,0,0,0,0,0,0,0,0,0,0,0,0,0,0,110,162,59,4,0,0,0,18,115,217,223,93,12,0,0,0,0,0,0,0,0,0,0,0,0,0,0,0,151,243,119,17,0,6,72,180,243,230,121,23,0,0,0,0,0,0,0,0,0,0,0,0,0,0,0,0,98,214,199,131,114,160,222,245,194,83,14,0,0,0,0,0,0,0,0,0,0,0,0,0,0,0,0,0,27,109,193,224,226,241,215,112,20,0,0,0,0,0,0,0,0,0,0,0,0,0,0,0,0,0,0,0,0,15,66,118,128,103,52,8,0,0,0,0,0,0,0,0,0,0,0,0,0,0,0,0,0,0,0,0,0,0,2,13,22,14,3,0,0,0,0,0,0,0,0,0,0,0,0,0,0,0,0,0,0,0,0,0,0,0,0,0,0,0,0,0,0,0,0,0,0,0,0,0,0,0,0,0,0,0,0,0,0,0,0,0,0,0,0,0,0,0,0,0,0,0,0,0,0,0,0,0,0,0,0,0,0,0,0,0,0,0,0,0,0,0,0,0,0,0,0,0,0,0,0,0,0,0,0,0,0,0,0,0,0,0,0,0,0,0,0,0,0,0,0,0,0,0,0,0,0,0,0,0,0,0,0,0,0,0,0,0,0,0,0,0,0,0,0,0,0,0,0,0,0,0,0,0,0,0,0,0,0,0,0,0,0,0,0,0,0,0,5
0,0,0,0,0,0,0,0,0,0,0,0,0,0,0,0,0,0,0,0,0,0,0,0,0,0,0,0,0,0,0,0,0,0,0,0,0,0,0,0,0,0,0,0,0,0,0,0,0,0,0,0,0,0,0,0,0,0,0,0,0,0,0,0,0,0,0,0,0,0,0,0,0,0,0,0,0,0,0,0,0,0,0,0,0,0,0,0,0,0,0,0,0,0,0,0,0,0,0,0,0,0,0,0,0,0,0,0,0,0,0,0,0,0,0,0,0,0,0,0,0,0,0,0,0,0,0,0,0,0,0,0,0,3,23,41,0,0,0,0,0,0,0,0,0,0,0,0,0,0,0,0,0,0,6,38,5,0,0,0,1,47,122,123,0,0,0,0,0,0,0,0,0,0,0,0,0,0,0,0,0,0,42,160,78,20,30,98,127,224,211,91,3,0,0,0,0,0,0,0,0,0,0,0,0,0,0,0,0,5,137,173,197,163,188,228,249,197,81,10,0,0,0,0,0,0,0,0,0,0,0,0,0,0,0,0,13,86,83,101,151,179,199,155,74,16,1,0,0,0,0,0,0,0,0,0,0,0,0,0,0,0,0,24,144,221,80,5,23,50,55,27,3,0,0,0,0,0,0,0,0,0,0,0,0,0,0,0,0,0,21,121,232,175,47,2,0,0,0,0,0,0,0,0,0,0,0,0,0,0,0,0,0,0,0,0,0,16,99,215,248,184,80,46,5,0,0,0,0,0,0,0,0,0,0,0,0,0,0,0,0,0,0,0,11,84,199,252,253,251,249,203,47,0,0,0,0,0,0,0,0,0,0,0,0,0,0,0,0,0,0,1,37,186,216,161,105,117,207,247,147,2,0,0,0,0,0,0,0,0,0,0,0,0,0,0,0,0,0,0,37,153,104,43,14,7,71,234,217,28,0,0,0,0,0,0,0,0,0,0,0,0,0,0,0,0,0,0,0,15,11,1,0,0,24,189,224,59,1,0,0,0,0,0,0,0,0,0,0,0,0,0,0,0,0,0,0,0,0,0,0,0,18,168,206,67,1,0,0,0,0,0,0,0,0,0,0,0,0,0,0,0,0,0,0,0,0,0,0,0,61,193,172,39,0,0,0,0,0,0,0,0,0,0,0,0,0,0,0,0,0,0,0,0,0,0,0,3,88,229,148,9,0,0,0,0,0,0,0,0,0,0,0,0,0,0,0,0,1,4,3,0,0,0,0,11,100,224,84,0,0,0,0,0,0,0,0,0,0,0,0,0,0,0,0,27,171,113,52,10,0,0,0,14,81,207,23,0,0,0,0,0,0,0,0,0,0,0,0,0,0,0,0,7,187,251,219,102,60,73,109,92,139,67,3,0,0,0,0,0,0,0,0,0,0,0,0,0,0,0,0,0,34,140,224,244,195,199,184,53,3,0,0,0,0,0,0,0,0,0,0,0,0,0,0,0,0,0,0,0,1,11,94,179,189,151,79,13,0,0,0,0,0,0,0,0,0,0,0,0,0,0,0,0,0,0,0,0,0,0,2,39,58,34,9,0,0,0,0,0,0,0,0,0,0,0,0,0,0,0,0,0,0,0,0,0,0,0,0,0,0,0,0,0,0,0,0,0,0,0,0,0,0,0,0,0,0,0,0,0,0,0,0,0,0,0,0,0,0,0,0,0,0,0,0,0,0,0,0,0,0,0,0,0,0,0,0,0,0,0,0,0,0,0,0,0,0,0,0,0,0,0,0,0,0,0,0,0,0,0,0,0,0,0,5
0,0,0,0,0,0,0,0,0,0,0,0,0,0,0,0,0,0,0,0,0,0,0,0,0,0,0,0,0,0,0,0,0,0,0,0,0,0,0,0,0,0,0,0,0,0,0,0,0,0,0,0,0,0,0,0,0,0,0,0,0,0,0,0,0,0,0,0,0,0,0,0,0,0,0,0,0,0,0,0,0,0,0,0,0,0,0,0,0,0,0,0,0,0,0,0,0,0,0,0,0,0,0,0,0,0,0,0,0,0,0,0,0,0,0,0,0,0,0,0,0,0,0,0,0,0,0,0,0,0,0,25,69,113,111,43,0,0,0,0,0,0,0,0,0,0,0,0,0,0,0,0,0,4,37,92,143,187,231,233,190,146,83,17,0,0,0,0,0,0,0,0,0,0,0,0,0,0,0,0,28,113,172,220,188,164,105,5,4,3,2,0,0,0,0,0,0,0,0,0,0,0,0,0,0,0,13,110,210,250,209,139,63,39,12,0,0,0,0,0,0,0,0,0,0,0,0,0,0,0,0,0,0,0,45,215,176,142,36,7,0,0,0,0,0,0,0,0,0,0,0,0,0,0,0,0,0,0,0,0,0,0,126,218,82,7,0,0,0,0,0,0,0,0,0,0,0,0,0,0,0,0,0,0,0,0,0,0,0,0,147,177,52,0,0,0,0,0,0,0,0,0,0,0,0,0,0,0,0,0,0,0,0,0,0,0,0,0,111,182,74,0,0,0,0,0,0,0,0,0,0,0,0,0,0,0,0,0,0,0,0,0,0,0,0,0,71,206,113,0,0,0,0,0,0,0,0,0,0,0,0,0,0,0,0,0,0,0,0,0,0,0,0,0,25,171,196,26,1,0,0,0,0,0,0,0,0,0,0,0,0,0,0,0,0,0,0,0,0,0,0,0,0,88,232,160,32,3,0,0,0,0,0,0,0,0,0,0,0,0,0,0,0,0,0,0,0,0,0,0,0,25,111,204,126,28,0,0,0,0,0,0,0,0,0,0,0,0,0,0,0,0,0,0,0,0,0,2,4,1,17,130,192,93,11,0,0,0,0,0,0,0,0,0,0,0,0,0,0,0,0,0,0,0,0,18,34,6,0,53,161,178,74,4,0,0,0,0,0,0,0,0,0,0,0,0,0,0,0,0,0,0,0,36,107,14,0,9,66,213,181,30,0,0,0,0,0,0,0,0,0,0,0,0,0,0,0,0,0,0,0,22,170,17,0,0,7,171,251,59,1,0,0,0,0,0,0,0,0,0,0,0,0,0,0,0,0,0,0,0,130,36,3,0,0,67,223,93,11,0,0,0,0,0,0,0,0,0,0,0,0,0,0,0,0,0,0,0,69,103,52,6,0,53,193,127,21,0,0,0,0,0,0,0,0,0,0,0,0,0,0,0,0,0,0,0,18,132,158,59,0,45,169,143,19,0,0,0,0,0,0,0,0,0,0,0,0,0,0,0,0,0,0,0,0,89,212,134,23,82,182,119,6,0,0,0,0,0,0,0,0,0,0,0,0,0,0,0,0,0,0,0,0,28,110,175,236,240,187,53,0,0,0,0,0,0,0,0,0,0,0,0,0,0,0,0,0,0,0,0,0,0,2,77,176,130,64,2,0,0,0,0,0,0,0,0,0,0,0,0,0,0,0,0,0,0,0,0,0,0,0,11,15,0,0,0,0,0,0,0,0,0,0,0,0,0,0,0,0,0,0,0,0,0,0,0,0,0,0,0,0,0,0,0,0,0,0,0,0,0,0,0,0,0,5
0,0,0,0,0,0,0,0,0,0,0,0,0,0,0,0,0,0,0,0,0,0,0,0,0,0,0,0,0,0,0,0,0,0,0,0,0,0,0,0,0,0,0,0,0,0,0,0,0,0,0,0,0,0,0,0,0,0,0,0,0,0,0,0,0,0,0,0,0,0,0,0,0,0,0,0,0,0,0,0,0,0,0,0,0,0,0,0,0,0,0,0,0,0,0,0,0,0,0,0,0,0,0,0,0,0,0,0,0,0,0,0,0,0,0,0,0,0,0,0,0,0,0,0,0,13,26,2,0,0,0,0,0,0,0,0,0,0,0,0,0,0,0,0,0,0,0,0,2,35,69,101,62,122,81,10,0,0,0,0,0,0,0,0,0,0,0,0,0,0,0,0,0,0,0,23,65,153,173,196,228,220,77,0,0,0,0,0,0,0,0,0,0,0,0,0,0,0,0,0,1,40,112,180,247,209,127,77,75,83,30,0,0,0,0,0,0,0,0,0,0,0,0,0,0,0,0,0,13,108,223,210,114,50,0,0,3,3,35,31,0,0,0,0,0,0,0,0,0,0,0,0,0,0,0,0,16,109,225,143,5,35,93,146,199,252,179,151,109,18,0,0,0,0,0,0,0,0,0,0,0,0,0,0,0,6,185,165,130,200,204,147,97,70,129,161,189,164,61,6,0,0,0,0,0,0,0,0,0,0,0,0,0,0,138,220,242,193,96,35,12,3,0,25,88,164,173,70,5,0,0,0,0,0,0,0,0,0,0,0,0,0,92,218,191,50,0,0,0,0,0,0,9,59,190,201,63,10,0,0,0,0,0,0,0,0,0,0,0,0,34,136,191,22,0,0,0,0,0,0,0,1,19,155,193,47,3,0,0,0,0,0,0,0,0,0,0,0,2,24,35,0,0,0,0,0,0,0,0,0,0,55,205,104,14,0,0,0,0,0,0,0,0,0,0,0,0,0,0,0,0,0,0,0,0,0,0,0,0,0,138,147,24,0,0,0,0,0,0,0,0,0,0,0,0,0,0,0,0,0,0,0,0,0,0,0,0,1,94,189,35,0,0,0,0,0,0,0,0,0,0,0,0,0,0,0,0,0,0,0,0,0,0,0,0,7,87,216,26,0,0,0,0,0,0,0,0,0,0,0,0,0,0,0,0,0,0,0,0,0,0,0,0,0,137,209,31,0,0,0,0,0,0,0,0,0,0,0,0,0,0,0,0,0,0,0,0,0,0,0,0,17,177,188,49,0,0,0,0,0,0,0,0,0,0,0,0,0,0,0,0,0,0,0,0,0,0,0,0,69,201,156,24,0,0,0,0,0,0,0,0,0,0,0,0,0,0,0,9,34,22,12,0,0,0,4,48,174,220,98,0,0,0,0,0,0,0,0,0,0,0,0,0,0,0,0,50,147,147,152,87,22,19,65,200,241,140,11,0,0,0,0,0,0,0,0,0,0,0,0,0,0,0,0,15,123,144,171,240,215,117,154,165,70,5,0,0,0,0,0,0,0,0,0,0,0,0,0,0,0,0,0,0,0,9,40,79,180,176,111,45,6,0,0,0,0,0,0,0,0,0,0,0,0,0,0,0,0,0,0,0,0,0,0,6,0,0,0,0,0,0,0,0,0,0,0,0,0,0,0,0,0,0,0,0,0,0,0,0,0,0,0,0,0,0,0,0,0,0,0,0,0,0,0,0,0,0,0,0,0,0,0,0,0,0,0,0,0,0,0,0,0,0,0,0,0,0,0,0,0,0,0,0,0,5
0,0,0,0,0,0,0,0,0,0,0,0,0,0,0,0,0,0,0,0,0,0,0,0,0,0,0,0,0,0,0,0,0,0,0,0,0,0,0,0,0,0,0,0,0,0,0,0,0,0,0,0,0,0,0,0,0,0,0,0,0,0,0,0,0,0,0,0,0,0,0,0,0,0,0,0,0,0,0,0,0,0,0,0,0,0,0,0,0,0,0,0,0,0,0,0,0,0,0,0,0,0,0,0,0,0,0,0,0,0,0,0,0,0,0,0,0,0,0,0,0,0,0,0,0,10,0,0,0,0,0,0,0,0,0,0,0,0,0,0,0,0,0,0,0,0,0,0,0,3,42,112,156,108,76,70,33,37,51,35,24,32,5,0,0,0,0,0,0,0,0,0,0,0,0,0,0,9,135,219,246,252,222,207,227,215,184,193,226,175,59,0,0,0,0,0,0,0,0,0,0,0,0,0,0,11,195,250,254,237,222,239,250,236,222,235,252,216,86,0,0,0,0,0,0,0,0,0,0,0,0,0,0,81,214,244,160,60,91,101,88,94,101,102,157,108,19,0,0,0,0,0,0,0,0,0,0,0,0,0,8,98,248,231,110,0,0,2,9,0,0,0,22,0,0,0,0,0,0,0,0,0,0,0,0,0,0,0,12,180,253,252,58,2,0,0,0,0,0,0,0,0,0,0,0,0,0,0,0,0,0,0,0,0,0,0,16,194,251,206,51,0,0,0,0,0,0,0,0,0,0,0,0,0,0,0,0,0,0,0,0,0,0,0,73,214,253,169,31,0,0,0,0,0,0,0,0,0,0,0,0,0,0,0,0,0,0,0,0,0,0,8,101,246,249,168,9,0,0,0,0,0,0,0,0,0,0,0,0,0,0,0,0,0,0,0,0,0,0,10,146,254,254,142,10,0,0,0,0,0,0,0,0,0,0,0,0,0,0,0,0,0,0,0,0,0,0,0,168,246,254,192,133,67,23,32,16,0,1,0,0,0,0,0,0,0,0,0,0,0,0,0,0,0,0,0,100,209,253,253,239,221,208,158,139,93,31,14,0,0,0,0,0,0,0,0,0,0,0,0,0,0,0,0,23,91,218,212,215,250,252,252,247,230,217,113,55,10,0,0,0,0,0,0,0,0,0,0,0,0,0,0,0,3,11,47,82,67,117,183,213,245,253,236,175,70,1,0,0,0,0,0,0,0,0,0,0,0,0,0,0,0,0,0,0,0,4,25,75,133,220,254,242,164,6,0,0,0,0,0,0,0,0,0,0,0,0,0,0,0,0,0,0,0,0,0,1,25,110,254,253,233,7,0,0,0,0,0,0,0,0,0,0,0,0,0,0,0,0,0,0,0,0,0,0,0,66,233,254,205,40,0,0,0,0,0,0,0,0,0,0,0,0,0,0,0,0,1,8,10,3,17,64,117,191,243,246,146,18,0,0,0,0,0,0,0,0,0,0,0,0,0,0,0,0,17,86,141,171,185,201,227,246,228,155,62,2,0,0,0,0,0,0,0,0,0,0,0,0,0,0,0,0,76,187,214,246,246,180,114,49,0,0,0,0,0,0,0,0,0,0,0,0,0,0,0,0,0,0,0,0,4,36,82,66,0,0,0,0,0,0,0,0,0,0,0,0,0,0,0,0,0,0,0,0,0,0,0,0,0,0,0,0,0,0,0,0,0,0,0,0,0,0,0,0,0,0,0,0,0,0,0,0,0,0,0,0,0,0,0,0,0,0,0,0,0,0,0,0,0,0,0,0,0,5
0,0,0,0,0,0,0,0,0,0,0,0,0,0,0,0,0,0,0,0,0,0,0,0,0,0,0,0,0,0,0,0,0,0,0,0,0,0,0,0,0,0,0,0,0,0,0,0,0,0,0,0,0,0,0,0,0,0,0,0,0,0,0,0,0,0,0,0,0,0,0,0,0,0,0,0,0,0,0,0,0,0,0,0,0,0,0,0,0,0,0,0,0,0,0,0,0,0,0,0,0,0,0,0,0,0,0,0,0,0,0,0,0,0,0,0,0,0,0,0,0,0,0,0,0,0,0,0,0,0,0,0,0,0,0,0,0,0,0,0,0,0,0,0,0,0,0,0,0,0,0,0,0,0,0,0,0,2,6,4,29,51,20,0,0,0,0,0,0,0,0,0,0,0,0,0,0,0,0,0,0,1,5,8,80,73,89,153,168,198,241,202,122,25,0,0,0,0,0,0,0,0,0,0,0,0,2,0,32,69,89,158,209,220,250,237,212,177,221,253,235,66,2,0,0,0,0,0,0,0,0,0,0,1,33,96,162,214,241,235,199,188,159,89,69,33,108,249,210,92,0,0,0,0,0,0,0,0,0,1,19,74,148,225,245,206,178,96,58,31,10,7,19,54,159,209,108,12,0,0,0,0,0,0,0,0,10,59,147,233,246,213,135,42,5,5,0,0,0,3,105,197,226,107,25,0,0,0,0,0,0,0,0,22,90,183,224,203,110,46,19,0,0,0,0,0,23,109,214,203,69,12,0,0,0,0,0,0,0,0,0,105,233,248,163,84,20,1,0,4,0,0,0,0,30,114,155,83,5,0,0,0,0,0,0,0,0,0,36,173,242,175,39,6,0,118,78,62,50,37,34,17,6,34,23,0,0,0,0,0,0,0,0,0,0,0,112,241,168,56,22,88,194,228,220,236,224,176,156,181,52,33,18,2,0,0,0,0,0,0,0,0,0,0,181,230,81,6,41,174,248,201,185,209,190,199,214,244,211,161,111,55,8,0,0,0,0,0,0,0,0,1,239,227,29,0,24,182,248,161,43,11,38,74,71,77,160,210,242,215,91,14,0,0,0,0,0,0,0,46,211,235,111,0,2,49,182,193,21,0,0,0,0,2,40,94,190,249,175,46,0,0,0,0,0,0,0,39,158,243,160,33,2,0,43,85,23,0,0,0,0,0,0,2,43,217,231,60,2,0,0,0,0,0,0,10,79,217,225,132,36,0,0,0,0,0,0,0,0,0,0,12,59,215,224,46,0,0,0,0,0,0,0,0,4,133,247,232,140,81,57,35,14,0,0,7,7,13,30,95,193,227,137,9,0,0,0,0,0,0,0,0,0,22,125,202,233,237,193,150,106,103,119,95,82,168,168,206,239,147,47,1,0,0,0,0,0,0,0,0,0,2,30,81,116,149,184,219,243,234,232,231,246,242,207,178,95,31,3,0,0,0,0,0,0,0,0,0,0,0,0,0,0,21,60,110,142,119,129,154,124,98,70,21,0,2,0,0,0,0,0,0,0,0,0,0,0,0,0,0,0,0,0,0,0,14,11,4,0,10,2,0,0,0,0,0,0,0,0,0,0,0,0,0,0,0,0,0,0,0,0,0,0,0,0,0,0,0,0,0,0,0,0,0,0,0,0,0,0,0,0,0,0,0,0,0,0,0,0,0,0,0,0,0,0,0,0,0,0,0,0,0,0,0,0,0,0,0,0,0,0,0,0,0,0,0,0,0,0,0,0,0,0,0,0,0,0,0,0,0,0,0,0,0,6
0,0,0,0,0,0,0,0,0,0,0,0,0,0,0,0,0,0,0,0,0,0,0,0,0,0,0,0,0,0,0,0,0,0,0,0,0,0,0,0,0,0,0,0,0,0,0,0,0,0,0,0,0,0,0,0,0,0,0,0,0,0,0,0,0,0,0,0,0,0,0,0,0,0,12,17,0,0,0,0,0,0,0,0,0,0,0,0,0,0,0,0,0,0,0,0,0,0,0,0,22,48,100,204,108,14,0,0,0,0,0,0,0,0,0,0,0,0,0,0,0,0,0,0,0,0,6,82,168,179,238,245,116,12,0,0,0,0,0,0,0,0,0,0,0,0,0,0,0,0,0,0,1,25,98,220,246,245,210,120,18,0,0,0,0,0,0,0,0,0,0,0,0,0,0,0,0,0,0,2,41,130,234,251,238,175,75,1,0,0,0,0,0,0,0,0,0,0,0,0,0,0,0,0,0,0,0,17,146,230,253,252,172,62,1,0,0,0,0,0,0,0,0,0,0,0,0,0,0,0,0,0,0,0,16,130,236,253,252,184,60,9,0,0,0,0,0,0,0,0,0,0,0,0,0,0,0,0,0,0,0,9,73,231,253,247,178,41,0,0,0,0,0,0,0,0,0,0,0,0,0,0,0,0,0,0,0,0,12,80,199,250,241,198,95,2,0,0,0,0,0,0,0,0,0,0,0,0,0,0,0,0,0,0,0,0,76,196,247,244,171,67,3,0,0,0,3,5,44,68,31,7,0,0,0,0,0,0,0,0,0,0,0,47,145,232,253,201,67,5,0,0,0,3,53,155,199,187,147,96,28,0,0,0,0,0,0,0,0,2,31,180,251,252,239,88,15,1,0,0,7,58,180,240,252,253,253,250,115,17,0,0,0,0,0,0,0,42,150,240,252,227,124,7,0,1,10,79,116,217,249,248,181,191,237,252,199,33,1,0,0,0,0,0,0,117,235,253,239,145,27,0,5,42,141,213,237,228,155,79,52,89,200,252,232,64,0,0,0,0,0,0,0,179,253,253,208,78,25,33,66,149,230,253,230,150,31,24,74,143,228,247,188,57,0,0,0,0,0,0,0,145,245,252,253,199,175,157,218,250,251,235,187,117,104,158,207,246,246,170,70,13,0,0,0,0,0,0,2,50,174,238,251,247,253,253,253,253,253,238,213,240,247,239,215,186,172,54,7,0,0,0,0,0,0,0,0,8,61,153,220,253,253,253,253,253,252,235,175,217,213,127,81,19,4,1,0,0,0,0,0,0,0,0,0,0,0,6,30,88,156,228,252,241,175,88,25,26,26,19,0,0,0,0,0,0,0,0,0,0,0,0,0,0,0,0,0,10,46,135,214,156,54,4,0,0,0,0,0,0,0,0,0,0,0,0,0,0,0,0,0,0,0,0,0,0,0,0,0,9,5,0,0,0,0,0,0,0,0,0,0,0,0,0,0,0,0,0,0,0,0,0,0,0,0,0,0,0,0,0,0,0,0,0,0,0,0,0,0,0,0,0,0,0,0,0,0,0,0,0,0,0,0,0,0,0,0,0,0,0,0,0,0,0,0,0,0,0,0,0,0,0,0,0,0,0,0,0,0,0,0,0,0,0,0,0,0,0,0,0,0,0,0,0,0,0,0,0,0,0,0,0,0,0,0,0,0,0,0,0,0,0,0,0,0,0,0,0,0,0,0,0,0,0,0,0,0,0,0,0,0,0,0,0,0,0,0,0,0,0,0,0,0,0,0,0,0,0,0,0,0,0,0,0,6
0,0,0,0,0,0,0,0,0,0,0,0,0,0,0,0,0,0,0,0,0,0,0,0,0,0,0,0,0,0,0,0,0,0,0,0,0,0,0,0,0,0,0,0,0,0,0,0,0,0,0,0,0,0,0,0,0,0,0,0,0,0,0,0,0,0,0,0,0,0,0,0,0,0,0,0,0,0,0,0,0,0,0,0,0,0,0,0,0,0,0,0,0,0,0,0,0,0,0,0,0,1,18,44,6,0,0,0,0,0,0,0,0,0,0,0,0,0,0,0,0,0,0,0,0,0,0,3,35,90,136,215,160,0,0,0,0,0,0,0,0,0,0,0,0,0,0,0,0,0,0,0,0,2,17,102,182,212,209,148,41,0,0,0,0,0,0,0,0,0,0,0,0,0,0,0,0,0,0,0,5,44,154,226,230,166,92,24,0,0,0,0,0,0,0,0,0,0,0,0,0,0,0,0,0,0,0,0,63,198,247,223,112,33,3,0,0,0,0,0,0,0,0,0,0,0,0,0,0,0,0,0,0,0,9,77,194,250,217,93,9,0,0,0,0,0,0,0,0,0,0,0,0,0,0,0,0,0,0,0,0,23,106,205,237,184,58,10,0,0,0,0,0,0,0,0,0,0,0,0,0,0,0,0,0,0,0,1,22,123,222,220,138,37,1,0,0,0,0,0,0,0,0,0,0,0,0,0,0,0,0,0,0,0,0,20,145,227,214,115,29,0,0,0,0,0,0,0,0,0,0,0,0,0,0,0,0,0,0,0,0,0,6,101,225,231,105,22,0,0,0,0,0,3,16,13,17,27,31,10,0,0,0,0,0,0,0,0,0,1,36,248,253,128,13,0,0,0,0,0,0,62,119,190,218,190,163,60,5,0,0,0,0,0,0,0,0,19,110,246,190,27,0,0,0,0,0,5,77,197,227,208,146,118,240,156,10,0,0,0,0,0,0,0,2,72,195,210,101,2,0,0,0,0,22,106,196,189,87,6,17,48,229,214,8,0,0,0,0,0,0,0,10,143,235,123,17,0,0,0,0,26,123,207,169,64,1,0,3,78,220,158,5,0,0,0,0,0,0,0,49,201,208,59,0,0,0,0,0,73,196,183,68,2,4,2,77,182,183,77,0,0,0,0,0,0,0,0,49,237,165,18,0,0,0,0,0,42,208,132,32,40,61,146,211,191,86,13,0,0,0,0,0,0,0,1,34,229,213,36,0,0,20,19,20,8,174,181,127,182,220,237,150,67,12,0,0,0,0,0,0,0,0,0,27,148,234,239,197,162,146,129,150,212,239,237,193,190,128,54,23,0,0,0,0,0,0,0,0,0,0,0,2,47,146,227,243,218,201,203,213,190,125,99,70,33,0,2,0,0,0,0,0,0,0,0,0,0,0,0,0,0,0,0,42,69,74,60,27,10,16,7,0,0,0,0,0,0,0,0,0,0,0,0,0,0,0,0,0,0,0,0,0,0,0,0,0,0,0,0,0,0,0,0,0,0,0,0,0,0,0,0,0,0,0,0,0,0,0,0,0,0,0,0,0,0,0,0,0,0,0,0,0,0,0,0,0,0,0,0,0,0,0,0,0,0,0,0,0,0,0,0,0,0,0,0,0,0,0,0,0,0,0,0,0,0,0,0,0,0,0,0,0,0,0,0,0,0,0,0,0,0,0,0,0,0,0,0,0,0,0,0,0,0,0,0,0,0,0,0,0,0,0,0,0,0,0,0,0,0,0,0,0,0,0,0,0,0,0,0,0,0,0,0,6
0,0,0,0,0,0,0,0,0,0,0,0,0,0,0,0,0,0,0,0,0,0,0,0,0,0,0,0,0,0,0,0,0,0,0,0,0,0,0,0,0,0,0,0,0,0,0,0,0,0,0,0,0,0,0,0,0,0,0,0,0,0,0,0,0,0,0,0,0,0,0,0,0,0,0,0,0,0,0,0,0,0,0,0,0,0,0,0,0,0,0,0,0,0,0,0,0,0,0,0,0,23,76,49,4,0,0,0,0,0,0,0,0,0,0,0,0,0,0,0,0,0,0,0,0,0,0,0,4,102,206,115,14,0,0,0,0,0,0,0,0,0,0,0,0,0,0,0,0,0,0,0,0,0,0,0,110,209,211,69,7,0,0,0,0,0,0,0,0,0,0,0,0,0,0,0,0,0,0,0,0,0,0,91,224,238,108,11,0,0,0,0,0,0,0,0,0,0,0,0,0,0,0,0,0,0,0,0,0,7,55,231,242,135,8,0,0,0,0,0,0,0,0,0,0,0,0,0,0,0,0,0,0,0,0,0,16,80,221,228,129,27,0,0,0,0,0,0,0,0,0,0,0,0,0,0,0,0,0,0,0,0,0,27,112,224,204,97,23,0,0,0,0,0,0,0,0,0,0,0,0,0,0,0,0,0,0,0,0,0,34,130,218,186,75,10,0,0,0,0,0,0,0,0,0,0,0,0,0,0,0,0,0,0,0,0,0,24,133,219,194,71,4,0,0,0,0,0,0,0,0,0,0,0,0,0,0,0,0,0,0,0,0,0,7,136,227,184,51,3,0,0,0,0,0,9,14,0,0,0,0,0,0,0,0,0,0,0,0,0,0,0,76,238,221,50,2,0,0,0,0,0,40,92,159,105,12,0,0,0,0,0,0,0,0,0,0,0,0,24,183,237,114,5,0,0,0,0,3,40,171,247,247,247,22,0,0,0,0,0,0,0,0,0,0,0,0,53,205,182,28,0,0,0,0,7,61,173,225,183,188,202,14,0,0,0,0,0,0,0,0,0,0,0,5,96,196,108,3,0,0,0,2,63,182,201,119,98,202,138,2,0,0,0,0,0,0,0,0,0,0,0,6,128,211,105,11,0,0,0,55,166,189,108,97,181,157,33,0,0,0,0,0,0,0,0,0,0,0,0,0,65,197,188,112,52,23,14,154,237,188,148,172,160,60,1,0,0,0,0,0,0,0,0,0,0,0,0,0,9,80,158,199,169,150,209,241,250,190,144,90,21,0,0,0,0,0,0,0,0,0,0,0,0,0,0,0,0,9,45,99,133,182,249,156,93,69,19,1,0,0,0,0,0,0,0,0,0,0,0,0,0,0,0,0,0,0,0,0,3,59,238,17,6,0,0,0,0,0,0,0,0,0,0,0,0,0,0,0,0,0,0,0,0,0,0,0,4,61,202,0,0,0,0,0,0,0,0,0,0,0,0,0,0,0,0,0,0,0,0,0,0,0,0,0,0,0,3,0,0,0,0,0,0,0,0,0,0,0,0,0,0,0,0,0,0,0,0,0,0,0,0,0,0,0,0,0,0,0,0,0,0,0,0,0,0,0,0,0,0,0,0,0,0,0,0,0,0,0,0,0,0,0,0,0,0,0,0,0,0,0,0,0,0,0,0,0,0,0,0,0,0,0,0,0,0,0,0,0,0,0,0,0,0,0,0,0,0,0,0,0,0,0,0,0,0,0,0,0,0,0,0,0,0,0,0,0,0,0,0,0,0,0,0,0,0,0,0,0,0,0,0,0,0,6
0,0,0,0,0,0,0,0,0,0,0,0,0,0,0,0,0,0,0,0,0,0,0,0,0,0,0,0,0,0,0,0,0,0,0,0,0,0,0,0,0,0,0,0,0,0,0,0,0,0,0,0,0,0,0,0,0,0,0,0,0,0,0,0,0,0,0,0,0,0,0,0,0,0,0,0,0,0,0,0,0,0,0,0,0,0,0,0,0,0,0,0,0,0,0,0,0,0,0,0,0,0,4,61,113,10,0,0,0,0,0,0,0,0,0,0,0,0,0,0,0,0,0,0,0,0,0,0,1,18,93,184,203,20,0,0,0,0,0,0,0,0,0,0,0,0,0,0,0,0,0,0,0,0,0,0,22,115,209,201,105,10,16,15,0,0,0,0,0,0,0,0,0,0,0,0,0,0,0,0,0,0,0,11,95,224,205,98,17,19,71,71,0,0,0,0,0,0,0,0,0,0,0,0,0,0,0,0,0,0,5,82,201,214,109,18,0,36,101,71,0,0,0,0,0,0,0,0,0,0,0,0,0,0,0,0,0,0,54,174,232,135,27,0,0,42,93,53,0,0,0,0,0,0,0,0,0,0,0,0,0,0,0,0,0,5,125,230,134,31,2,0,0,19,31,12,0,0,0,0,0,0,0,0,0,0,0,0,0,0,0,0,1,68,201,189,56,1,0,0,0,0,0,0,0,0,0,0,0,0,0,0,0,0,0,0,0,0,0,0,21,180,239,86,11,0,0,0,0,0,0,0,0,0,0,0,0,0,0,0,0,0,0,0,0,0,0,2,123,235,159,23,0,0,0,0,0,0,0,0,0,0,0,0,0,0,0,0,0,0,0,0,0,0,0,29,223,207,31,1,0,0,0,0,0,0,0,0,0,0,0,0,0,0,0,0,0,0,0,0,0,0,6,118,245,95,0,0,20,41,23,0,0,0,0,0,0,0,0,0,0,0,0,0,0,0,0,0,0,3,43,200,217,48,84,194,196,184,126,0,0,0,0,0,0,0,0,0,0,0,0,0,0,0,0,0,0,17,112,238,174,165,221,170,102,150,154,0,0,0,0,0,0,0,0,0,0,0,0,0,0,0,0,0,0,38,159,250,239,215,110,23,30,103,121,0,0,0,0,0,0,0,0,0,0,0,0,0,0,0,0,0,4,82,211,247,198,86,8,39,108,122,62,0,0,0,0,0,0,0,0,0,0,0,0,0,0,0,0,0,23,142,242,195,86,19,106,172,123,56,12,0,0,0,0,0,0,0,0,0,0,0,0,0,0,0,0,0,51,182,236,146,116,188,215,113,27,6,0,0,0,0,0,0,0,0,0,0,0,0,0,0,0,0,0,0,49,193,241,230,222,169,64,14,0,0,0,0,0,0,0,0,0,0,0,0,0,0,0,0,0,0,0,0,13,123,148,102,39,6,3,0,0,0,0,0,0,0,0,0,0,0,0,0,0,0,0,0,0,0,0,0,0,0,0,0,0,0,0,0,0,0,0,0,0,0,0,0,0,0,0,0,0,0,0,0,0,0,0,0,0,0,0,0,0,0,0,0,0,0,0,0,0,0,0,0,0,0,0,0,0,0,0,0,0,0,0,0,0,0,0,0,0,0,0,0,0,0,0,0,0,0,0,0,0,0,0,0,0,0,0,0,0,0,0,0,0,0,0,0,0,0,0,0,0,0,0,0,0,0,0,0,0,0,0,0,0,0,0,0,0,0,0,0,0,0,0,0,0,0,0,0,0,0,0,0,0,0,0,0,0,0,0,0,6
0,0,0,0,0,0,0,0,0,0,0,0,0,0,0,0,0,0,0,0,0,0,0,0,0,0,0,0,0,0,0,0,0,0,0,0,0,0,0,0,0,0,16,35,0,0,0,0,0,0,0,0,0,0,0,0,0,0,0,0,0,0,0,0,0,0,0,0,0,1,181,215,4,0,0,0,0,0,0,0,0,0,0,0,0,0,0,0,0,0,0,0,0,0,0,0,0,40,236,211,21,0,0,0,0,0,0,0,0,0,0,0,0,0,0,0,0,0,0,0,0,0,0,0,0,173,245,159,23,0,0,0,0,0,0,0,0,0,0,0,0,0,0,0,0,0,0,0,0,0,0,0,14,173,227,95,12,0,0,0,0,0,0,0,0,0,0,0,0,0,0,0,0,0,0,0,0,0,0,10,127,235,153,33,0,0,0,0,0,0,0,0,0,0,0,0,0,0,0,0,0,0,0,0,0,0,0,71,200,235,107,11,0,0,0,0,0,0,0,0,0,0,0,0,0,0,0,0,0,0,0,0,0,0,22,139,246,159,27,0,0,0,0,0,0,0,0,0,0,0,0,0,0,0,0,0,0,0,0,0,0,0,28,144,253,170,23,0,0,0,0,0,0,0,0,0,0,0,0,0,0,0,0,0,0,0,0,0,0,0,24,131,239,142,4,0,0,0,0,0,0,0,0,0,0,0,0,0,0,0,0,0,0,0,0,0,0,0,39,186,203,30,10,27,34,29,20,0,0,0,0,0,0,0,0,0,0,0,0,0,0,0,0,0,0,10,101,240,210,45,192,205,177,144,130,60,6,0,0,0,0,0,0,0,0,0,0,0,0,0,0,0,0,7,131,253,230,70,253,253,244,223,243,191,89,0,0,0,0,0,0,0,0,0,0,0,0,0,0,0,0,0,126,249,239,50,221,235,195,163,161,243,209,30,1,0,0,0,0,0,0,0,0,0,0,0,0,0,0,0,114,238,240,32,12,92,94,123,41,210,250,61,4,0,0,0,0,0,0,0,0,0,0,0,0,0,0,0,103,228,242,51,0,0,0,0,0,182,248,80,6,0,0,0,0,0,0,0,0,0,0,0,0,0,0,0,92,217,243,72,0,0,0,0,22,178,210,67,2,0,0,0,0,0,0,0,0,0,0,0,0,0,0,0,80,206,244,93,1,1,7,28,107,209,152,33,0,0,0,0,0,0,0,0,0,0,0,0,0,0,0,0,52,177,250,181,70,37,75,138,209,195,76,7,0,0,0,0,0,0,0,0,0,0,0,0,0,0,0,0,12,89,206,250,254,254,250,235,196,101,13,0,0,0,0,0,0,0,0,0,0,0,0,0,0,0,0,0,0,25,100,194,250,228,194,139,75,20,0,0,0,0,0,0,0,0,0,0,0,0,0,0,0,0,0,0,0,2,12,13,0,0,0,0,0,0,0,0,0,0,0,0,0,0,0,0,0,0,0,0,0,0,0,0,0,0,0,0,0,0,0,0,0,0,0,0,0,0,0,0,0,0,0,0,0,0,0,0,0,0,0,0,0,0,0,0,0,0,0,0,0,0,0,0,0,0,0,0,0,0,0,0,0,0,0,0,0,0,0,0,0,0,0,0,0,0,0,0,0,0,0,0,0,0,0,0,0,0,0,0,0,0,0,0,0,0,0,0,0,0,0,0,0,0,0,0,0,0,0,0,0,0,0,0,0,0,0,0,0,0,0,0,0,0,0,0,0,0,0,0,0,0,0,0,0,0,0,0,0,0,0,0,0,0,6
0,0,0,0,0,0,0,0,0,0,0,0,0,0,0,0,0,0,0,0,0,0,0,0,0,0,0,0,0,0,0,0,0,0,0,0,0,0,0,0,0,0,0,0,0,0,0,0,0,0,0,0,0,0,0,0,0,0,0,0,0,0,0,0,0,0,0,0,0,0,6,44,87,49,0,0,0,0,0,0,0,0,0,0,0,0,0,0,0,0,0,0,0,0,0,0,0,1,56,162,219,179,81,0,0,0,0,0,0,0,0,0,0,0,0,0,0,0,0,0,0,0,0,0,0,45,182,255,255,236,137,0,0,0,0,0,0,0,0,0,0,0,0,0,0,0,0,0,0,0,0,0,32,203,255,255,250,198,47,0,0,0,0,0,0,0,0,0,0,0,0,0,0,0,0,0,0,0,0,6,118,255,255,253,199,83,0,0,0,0,0,0,0,0,0,0,0,0,0,0,0,0,0,0,0,0,0,42,221,254,255,208,87,7,0,0,0,0,0,0,0,0,0,0,0,0,0,0,0,0,0,0,0,0,0,121,236,255,249,94,9,0,0,0,0,0,0,0,0,0,0,0,0,0,0,0,0,0,0,0,0,0,70,199,251,255,196,55,0,0,0,0,0,0,0,0,0,0,0,0,0,0,0,0,0,0,0,0,0,41,167,245,255,194,62,0,0,0,0,0,0,0,0,0,0,0,0,0,0,0,0,0,0,0,0,0,0,84,236,255,255,188,38,0,0,0,0,0,0,0,0,0,0,0,0,0,0,0,0,0,0,0,0,0,4,82,255,255,220,59,0,0,4,26,0,0,0,0,0,0,0,0,0,0,0,0,0,0,0,0,0,0,9,107,255,255,234,3,10,54,91,155,118,48,0,0,0,0,0,0,0,0,0,0,0,0,0,0,0,0,14,170,252,255,160,8,127,246,255,255,233,213,81,10,0,0,0,0,0,0,0,0,0,0,0,0,0,0,65,227,255,255,152,212,255,255,255,255,255,255,239,71,0,0,0,0,0,0,0,0,0,0,0,0,0,0,90,216,255,255,235,250,255,255,229,232,255,255,221,79,0,0,0,0,0,0,0,0,0,0,0,0,0,0,72,198,255,255,255,255,255,249,202,218,255,255,201,71,0,0,0,0,0,0,0,0,0,0,0,0,0,0,54,181,255,255,255,255,255,235,226,255,255,255,215,89,0,0,0,0,0,0,0,0,0,0,0,0,0,0,36,163,255,255,255,255,255,255,255,255,255,246,169,1,0,0,0,0,0,0,0,0,0,0,0,0,0,0,15,108,229,255,255,255,255,255,255,253,215,118,29,0,0,0,0,0,0,0,0,0,0,0,0,0,0,0,0,0,133,252,255,255,255,246,221,202,94,23,1,0,0,0,0,0,0,0,0,0,0,0,0,0,0,0,0,0,31,96,112,137,180,166,103,76,13,0,0,0,0,0,0,0,0,0,0,0,0,0,0,0,0,0,0,0,0,0,13,17,3,0,0,0,0,0,0,0,0,0,0,0,0,0,0,0,0,0,0,0,0,0,0,0,0,0,0,0,0,0,0,0,0,0,0,0,0,0,0,0,0,0,0,0,0,0,0,0,0,0,0,0,0,0,0,0,0,0,0,0,0,0,0,0,0,0,0,0,0,0,0,0,0,0,0,0,0,0,0,0,0,0,0,0,0,0,0,0,0,0,0,0,0,0,0,0,0,0,0,0,0,0,0,0,0,0,0,0,0,0,0,0,0,0,0,0,0,0,0,0,0,0,0,0,0,0,6
0,0,0,0,0,0,0,0,0,0,0,0,0,0,0,0,0,0,0,0,0,0,0,0,0,0,0,0,0,0,0,0,0,0,0,0,0,0,0,0,0,0,0,0,0,0,0,0,0,0,0,0,0,0,0,0,0,0,0,0,0,0,0,0,0,0,0,0,0,0,0,0,0,0,0,0,0,0,0,0,0,0,0,0,0,0,0,0,0,0,0,5,11,1,0,0,0,0,0,0,0,0,0,0,0,0,0,0,0,0,0,0,0,0,0,0,0,103,202,198,89,16,0,0,0,0,0,0,0,0,0,0,0,0,0,0,0,13,0,0,0,0,0,0,0,141,249,253,158,38,0,0,0,0,0,0,0,0,0,0,0,0,0,42,162,133,0,0,0,0,0,0,0,109,253,253,187,52,0,0,0,0,0,0,0,0,0,0,0,0,0,33,229,220,0,0,0,0,0,0,0,65,253,253,217,67,0,0,0,0,0,0,0,0,0,0,0,0,0,0,222,251,15,0,0,0,0,0,0,21,253,253,246,82,0,0,0,0,0,0,0,0,0,0,0,0,0,0,182,233,49,0,0,0,0,0,0,0,204,249,253,119,17,0,0,0,31,71,62,17,0,1,2,0,0,0,27,54,25,0,0,0,0,0,0,0,111,219,253,172,47,0,16,97,197,228,198,172,158,94,38,6,0,0,1,0,0,0,0,0,0,0,0,0,72,196,253,209,88,9,93,224,253,253,253,250,243,241,174,72,15,1,0,0,0,0,0,0,0,0,0,0,49,176,253,234,143,71,208,251,252,243,201,218,247,254,249,215,130,29,0,0,0,0,0,0,0,0,0,0,26,155,253,247,212,180,251,253,247,192,72,72,71,229,234,252,253,113,13,0,0,0,0,0,0,0,0,0,3,135,253,253,253,253,253,253,200,61,4,0,4,10,137,236,253,220,79,9,0,0,0,0,0,0,0,0,0,103,229,253,253,253,253,253,178,38,0,0,0,0,112,224,253,253,127,15,0,0,0,0,0,0,0,0,0,20,168,248,253,253,253,253,151,28,0,0,2,29,133,227,253,246,150,16,0,0,0,0,0,0,0,0,0,3,89,203,253,253,253,232,121,4,0,13,71,164,253,253,250,210,74,1,0,0,0,0,0,0,0,0,0,0,18,111,253,253,253,234,133,20,54,121,205,242,252,236,197,104,12,0,0,0,0,0,0,0,0,0,0,0,3,46,220,253,253,251,232,129,177,230,253,253,247,153,81,15,0,0,0,0,0,0,0,0,0,0,0,0,0,4,90,206,248,253,252,253,253,253,253,246,149,29,1,0,0,0,0,0,0,0,0,0,0,0,0,0,0,0,3,79,151,225,253,235,214,193,146,67,3,0,0,0,0,0,0,0,0,0,0,0,0,0,0,0,0,0,0,5,32,63,97,114,91,68,36,7,0,0,0,0,0,0,0,0,0,0,0,0,0,0,0,0,0,0,0,0,0,4,4,0,0,0,0,0,0,0,0,0,0,0,0,0,0,0,0,0,0,0,0,0,0,0,0,0,0,0,0,0,0,0,0,0,0,0,0,0,0,0,0,0,0,0,0,0,0,0,0,0,0,0,0,0,0,0,0,0,0,0,0,0,0,0,0,0,0,0,0,0,0,0,0,0,0,0,0,0,0,0,0,0,0,0,0,0,0,0,0,0,0,0,0,0,0,0,0,0,0,0,0,0,0,0,0,0,0,0,0,0,0,0,0,0,0,0,0,0,0,0,0,0,0,0,0,0,6
0,0,0,0,0,0,0,0,0,0,0,0,0,0,0,0,0,0,0,0,0,0,0,0,0,0,0,0,0,0,0,0,0,0,0,0,0,0,0,0,0,0,0,0,0,0,26,0,0,0,0,0,0,0,0,0,0,0,0,0,0,0,0,0,0,0,0,0,0,0,3,31,112,231,182,21,0,0,0,0,0,0,0,0,0,0,0,0,0,0,0,0,0,0,0,0,0,1,31,155,218,251,236,53,0,0,0,0,0,0,0,0,0,0,0,0,0,0,0,0,0,0,0,0,0,17,109,247,252,252,237,44,1,0,0,0,0,0,0,0,0,0,0,0,0,0,0,0,0,0,0,0,39,154,234,251,252,228,143,32,0,0,0,0,0,0,0,0,0,0,0,0,0,0,0,0,0,0,0,49,171,248,252,242,182,65,0,0,0,0,0,0,0,0,0,0,0,0,0,0,0,0,0,0,0,0,25,131,240,252,229,157,59,8,0,0,0,0,0,0,0,0,0,0,0,0,0,0,0,0,0,0,0,14,96,212,253,241,147,42,0,0,0,0,0,0,0,0,0,0,0,0,0,0,0,0,0,0,0,0,2,63,202,251,252,174,38,2,0,0,0,0,0,0,0,0,0,0,0,0,0,0,0,0,0,0,0,0,0,148,240,252,216,87,10,0,0,0,0,0,0,0,0,0,0,0,0,0,0,0,0,0,0,0,0,0,15,168,249,248,136,5,0,0,0,0,0,0,0,0,0,0,0,0,0,0,0,0,0,0,0,0,0,0,79,226,252,224,98,0,1,9,0,0,0,10,0,0,0,0,0,0,0,0,0,0,0,0,0,0,0,12,106,252,248,194,33,0,29,100,119,165,141,104,41,3,0,0,0,0,0,0,0,0,0,0,0,0,0,3,109,252,252,197,118,194,227,240,240,245,246,252,178,59,5,0,0,0,0,0,0,0,0,0,0,0,0,0,157,244,252,233,226,247,253,252,252,252,252,252,252,157,44,0,0,0,0,0,0,0,0,0,0,0,0,0,128,236,253,252,252,252,252,252,252,252,252,252,252,208,79,0,0,0,0,0,0,0,0,0,0,0,0,0,53,165,252,252,252,252,252,252,252,252,252,252,251,220,31,0,0,0,0,0,0,0,0,0,0,0,0,0,20,135,252,252,252,252,252,252,252,252,253,252,230,135,9,0,0,0,0,0,0,0,0,0,0,0,0,0,0,107,243,252,252,252,253,251,252,252,252,238,142,30,1,0,0,0,0,0,0,0,0,0,0,0,0,0,0,76,208,252,252,252,222,208,177,137,96,49,16,0,0,0,0,0,0,0,0,0,0,0,0,0,0,0,0,5,123,232,252,252,202,104,44,24,12,1,0,0,0,0,0,0,0,0,0,0,0,0,0,0,0,0,0,0,36,118,151,176,228,137,20,0,0,0,0,0,0,0,0,0,0,0,0,0,0,0,0,0,0,0,0,0,0,4,17,37,24,0,0,0,0,0,0,0,0,0,0,0,0,0,0,0,0,0,0,0,0,0,0,0,0,0,0,0,0,0,0,0,0,0,0,0,0,0,0,0,0,0,0,0,0,0,0,0,0,0,0,0,0,0,0,0,0,0,0,0,0,0,0,0,0,0,0,0,0,0,0,0,0,0,0,0,0,0,0,0,0,0,0,0,0,0,0,0,0,0,0,0,0,0,0,0,0,0,0,0,0,0,0,0,0,0,0,0,0,0,0,0,0,0,0,0,0,0,0,0,0,0,0,0,0,0,6
0,0,0,0,0,0,0,0,0,0,0,0,0,0,0,0,0,0,0,0,0,0,0,0,0,0,0,0,0,0,0,0,0,0,0,0,0,0,0,0,9,52,38,0,0,0,0,0,0,0,0,0,0,0,0,0,0,0,0,0,0,0,0,0,0,0,2,55,253,218,84,5,0,0,0,0,0,0,0,0,0,0,0,0,0,0,0,0,0,0,0,0,0,0,9,155,248,241,95,8,0,0,0,0,0,0,0,0,0,0,0,0,0,0,0,0,0,0,0,0,0,1,48,186,252,209,77,2,0,0,0,0,0,0,0,0,0,0,0,0,0,0,0,0,0,0,0,0,0,10,106,227,249,178,33,0,0,0,0,0,0,0,0,0,0,0,0,0,0,0,0,0,0,0,0,0,0,14,171,252,252,63,2,0,0,0,0,0,0,0,0,0,0,0,0,0,0,0,0,0,0,0,0,0,0,6,181,247,252,71,0,0,0,0,0,0,0,0,0,0,0,0,0,0,0,0,0,0,0,0,0,0,0,87,217,249,186,46,0,0,0,0,0,0,0,0,0,0,0,0,0,0,0,0,0,0,0,0,0,0,25,146,250,243,164,0,0,0,0,0,0,0,0,0,0,0,0,0,0,0,0,0,0,0,0,0,0,0,17,218,251,226,78,2,0,0,0,0,0,0,0,4,2,0,0,0,0,0,0,0,0,0,0,0,0,1,59,220,252,166,35,0,0,0,0,0,27,97,157,117,24,0,0,0,0,0,0,0,0,0,0,0,0,8,122,244,246,130,10,0,0,0,0,14,107,211,243,229,102,0,0,0,0,0,0,0,0,0,0,0,0,17,125,253,226,92,0,0,0,0,13,53,196,249,252,252,190,30,0,0,0,0,0,0,0,0,0,0,0,60,180,251,209,29,1,0,0,23,112,216,252,252,252,252,155,29,0,0,0,0,0,0,0,0,0,0,0,151,235,251,167,33,0,0,0,64,189,247,248,235,253,227,100,0,0,0,0,0,0,0,0,0,0,0,0,113,226,252,154,19,0,0,3,103,233,252,238,209,249,204,27,0,0,0,0,0,0,0,0,0,0,0,0,62,212,252,198,12,0,1,28,209,253,252,252,250,223,86,5,0,0,0,0,0,0,0,0,0,0,0,0,11,198,252,252,110,88,70,159,240,252,252,251,211,116,21,0,0,0,0,0,0,0,0,0,0,0,0,0,0,150,237,252,246,223,211,245,252,252,249,221,111,24,0,0,0,0,0,0,0,0,0,0,0,0,0,0,0,77,177,242,251,252,252,252,252,245,193,71,0,0,0,0,0,0,0,0,0,0,0,0,0,0,0,0,0,12,54,123,225,227,252,252,218,153,67,7,0,0,0,0,0,0,0,0,0,0,0,0,0,0,0,0,0,0,0,12,52,106,99,40,0,0,0,0,0,0,0,0,0,0,0,0,0,0,0,0,0,0,0,0,0,0,0,0,0,0,0,0,0,0,0,0,0,0,0,0,0,0,0,0,0,0,0,0,0,0,0,0,0,0,0,0,0,0,0,0,0,0,0,0,0,0,0,0,0,0,0,0,0,0,0,0,0,0,0,0,0,0,0,0,0,0,0,0,0,0,0,0,0,0,0,0,0,0,0,0,0,0,0,0,0,0,0,0,0,0,0,0,0,0,0,0,0,0,0,0,0,0,0,0,0,0,0,0,0,0,0,0,0,0,0,0,0,0,0,0,0,0,0,0,0,0,0,0,0,0,0,0,0,0,0,0,0,6
0,0,0,0,0,0,0,0,0,0,0,0,0,0,0,0,0,0,0,0,0,0,0,0,0,0,0,0,0,0,0,0,0,0,0,0,0,0,0,0,0,0,0,0,0,0,0,0,0,0,0,0,0,0,0,0,0,0,0,0,0,0,0,0,0,0,0,0,0,0,0,0,0,0,0,0,0,0,0,0,0,0,0,0,0,0,0,0,0,0,0,0,0,0,0,0,0,0,0,0,0,0,0,0,0,0,0,0,0,0,0,0,0,0,0,0,0,0,0,0,0,0,0,0,0,0,0,0,0,0,0,0,0,0,0,0,0,0,0,0,0,0,0,0,0,0,0,0,0,0,0,0,0,0,0,0,0,0,0,0,0,0,0,0,0,0,0,0,0,0,0,0,0,0,0,0,0,8,23,53,143,96,29,0,0,0,0,0,0,0,0,0,0,0,0,0,0,0,0,0,0,0,0,0,0,65,155,213,244,249,207,100,69,38,6,0,0,0,0,0,0,0,0,0,0,0,0,0,0,0,0,0,0,144,238,249,252,252,252,225,192,158,123,92,61,29,0,0,0,0,0,0,0,0,0,0,0,0,0,0,2,140,248,252,252,252,251,252,252,252,250,216,182,148,115,56,10,0,0,0,0,0,0,0,0,0,0,0,13,104,250,247,223,202,242,193,215,243,252,252,252,252,241,106,16,0,0,0,0,0,0,0,0,0,0,0,5,72,184,176,107,40,41,52,106,171,178,205,246,252,241,90,0,0,0,0,0,0,0,0,0,0,0,0,0,0,8,38,18,0,1,0,8,13,59,173,242,251,200,66,0,0,0,0,0,0,0,0,0,0,0,0,0,0,0,0,0,0,0,0,27,32,150,223,249,239,143,35,0,0,0,0,0,0,0,0,0,0,0,0,0,0,0,0,0,1,8,64,149,206,244,251,236,127,35,6,0,0,0,0,0,0,0,0,0,0,0,0,0,0,0,0,11,38,123,204,249,251,250,223,134,21,0,0,0,0,0,0,0,0,0,0,0,0,0,0,0,0,0,37,99,160,222,252,252,249,195,109,26,0,0,0,0,0,0,0,0,0,0,0,0,0,0,0,0,6,78,172,247,252,252,252,243,190,70,16,0,0,0,0,0,0,0,0,0,0,0,0,0,0,0,0,20,79,196,250,252,252,242,196,159,28,0,0,0,0,0,0,0,0,0,0,0,0,0,0,0,0,11,36,121,213,245,252,252,252,192,80,11,1,0,0,0,0,0,0,0,0,0,0,0,0,0,0,0,0,125,164,226,249,252,239,233,161,73,18,0,0,0,0,0,0,0,0,0,0,0,0,0,0,0,0,12,60,215,252,251,250,230,138,100,18,3,0,0,0,0,0,0,0,0,0,0,0,0,0,0,0,0,0,97,205,245,251,242,206,114,12,0,0,0,0,0,0,0,0,0,0,0,0,0,0,0,0,0,0,0,0,169,243,252,234,154,65,21,0,0,0,0,0,0,0,0,0,0,0,0,0,0,0,0,0,0,0,0,7,143,251,232,145,17,2,0,0,0,0,0,0,0,0,0,0,0,0,0,0,0,0,0,0,0,0,0,0,0,46,78,17,0,0,0,0,0,0,0,0,0,0,0,0,0,0,0,0,0,0,0,0,0,0,0,0,0,0,0,0,0,0,0,0,0,0,0,0,0,0,0,0,0,0,0,0,0,0,0,0,0,0,0,0,0,0,0,0,0,0,0,0,0,0,0,0,0,0,0,0,0,0,0,0,0,0,0,0,7
0,0,0,0,0,0,0,0,0,0,0,0,0,0,0,0,0,0,0,0,0,0,0,0,0,0,0,0,0,0,0,0,0,0,0,0,0,0,0,0,0,0,0,0,0,0,0,0,0,0,0,0,0,0,0,0,0,0,0,0,0,0,0,0,0,0,0,0,0,0,0,0,0,0,0,0,0,0,0,0,0,0,0,0,0,0,0,0,0,0,0,0,0,0,0,0,0,0,0,0,0,0,0,0,0,0,0,0,0,0,0,0,0,0,0,0,0,0,0,0,0,0,0,0,0,0,0,0,0,0,0,0,0,0,0,0,0,0,0,0,0,0,0,0,0,0,0,0,0,0,0,0,0,0,0,0,0,0,0,0,0,0,0,0,0,0,0,0,0,0,0,0,0,0,0,0,0,0,0,0,0,7,8,0,0,0,0,0,0,0,0,0,0,0,0,0,0,0,0,0,0,0,0,0,0,0,0,0,6,56,185,169,43,0,0,0,0,0,0,0,0,0,0,0,0,0,0,0,0,0,0,0,0,0,0,12,67,160,238,237,97,24,8,0,17,32,20,2,0,0,0,0,0,0,0,0,0,0,0,0,0,0,13,94,194,251,253,250,187,121,80,44,130,162,94,9,0,0,0,0,0,0,0,0,0,0,0,0,0,29,117,212,243,209,145,106,134,202,253,240,230,217,119,0,0,0,0,0,0,0,0,0,0,0,0,0,4,88,200,239,172,72,6,14,40,143,251,250,208,115,25,0,0,0,0,0,0,0,0,0,0,0,0,0,22,191,227,149,46,1,0,0,75,178,240,194,95,25,0,0,0,0,0,0,0,0,0,0,0,0,0,0,1,101,89,24,2,0,0,11,165,238,221,85,16,0,0,0,0,0,0,0,0,0,0,0,0,0,0,0,0,6,9,0,0,4,27,126,228,187,50,5,0,0,0,0,0,0,0,0,0,0,0,0,0,0,0,0,0,0,0,0,17,65,156,204,146,34,0,0,0,0,0,0,0,0,0,0,0,0,0,0,0,0,0,0,0,0,0,13,97,200,227,137,33,0,0,0,0,0,0,0,0,0,0,0,0,0,0,0,0,0,0,0,0,0,4,84,212,248,152,44,1,0,0,0,0,0,0,0,0,0,0,0,0,0,0,0,0,0,0,0,0,0,20,206,252,192,44,4,0,0,0,0,0,0,0,0,0,0,0,0,0,0,0,0,0,0,0,0,7,53,149,247,206,49,3,0,0,0,0,0,0,0,0,0,0,0,0,0,0,0,0,0,0,0,0,2,42,149,236,201,100,8,0,0,0,0,0,0,0,0,0,0,0,0,0,0,0,0,0,0,0,0,0,28,151,229,228,101,11,0,0,0,0,0,0,0,0,0,0,0,0,0,0,0,0,0,0,0,0,0,5,109,235,236,109,21,0,0,0,0,0,0,0,0,0,0,0,0,0,0,0,0,0,0,0,0,0,12,78,215,241,144,0,0,0,0,0,0,0,0,0,0,0,0,0,0,0,0,0,0,0,0,0,0,0,46,171,233,151,39,0,0,0,0,0,0,0,0,0,0,0,0,0,0,0,0,0,0,0,0,0,0,0,35,136,173,72,4,0,0,0,0,0,0,0,0,0,0,0,0,0,0,0,0,0,0,0,0,0,0,0,0,0,0,5,0,0,0,0,0,0,0,0,0,0,0,0,0,0,0,0,0,0,0,0,0,0,0,0,0,0,0,0,0,0,0,0,0,0,0,0,0,0,0,0,0,0,0,0,0,0,0,7
0,0,0,0,0,0,0,0,0,0,0,0,0,0,0,0,0,0,0,0,0,0,0,0,0,0,0,0,0,0,0,0,0,0,0,0,0,0,0,0,0,0,0,0,0,0,0,0,0,0,0,0,0,0,0,0,0,0,0,0,0,0,0,0,0,0,0,0,0,0,0,0,0,0,0,0,0,0,0,0,0,0,0,0,0,0,0,0,0,0,0,0,0,0,0,0,0,0,0,0,0,0,0,0,0,0,0,0,0,0,0,0,0,0,0,0,0,0,0,0,0,0,0,0,0,0,0,0,0,0,0,0,0,0,0,0,0,0,0,0,0,0,0,0,0,0,0,0,1,0,0,0,0,0,0,0,0,0,0,0,0,0,0,0,0,0,0,0,0,0,0,0,0,0,0,3,28,87,128,130,95,50,5,0,0,0,0,0,0,0,0,0,0,0,0,0,0,0,0,0,0,0,0,37,219,235,234,251,253,253,201,72,26,3,0,0,0,0,0,0,0,0,0,0,0,0,0,0,0,0,25,157,252,253,253,253,253,253,253,219,175,87,53,15,0,0,0,0,0,0,0,0,0,0,0,0,0,12,97,244,235,162,93,130,173,217,253,253,248,213,191,113,0,0,0,0,0,0,0,0,0,0,0,0,0,43,165,251,158,43,5,5,6,30,107,194,242,250,249,188,40,0,0,0,0,0,0,0,0,0,0,0,0,52,196,249,124,20,0,0,0,0,5,43,108,194,245,217,90,0,0,0,0,0,0,0,0,0,0,0,0,22,160,206,64,6,0,0,0,0,0,0,13,134,231,202,64,0,0,0,0,0,0,0,0,0,0,0,0,1,36,66,1,0,0,0,0,0,0,0,0,142,239,151,25,0,0,0,0,0,0,0,0,0,0,0,0,0,0,0,0,0,0,0,0,0,0,0,16,188,250,128,1,0,0,0,0,0,0,0,0,0,0,0,0,0,0,0,0,0,0,0,0,0,0,4,67,231,204,52,0,0,0,0,0,0,0,0,0,0,0,0,0,0,0,0,0,0,0,0,0,0,0,9,114,225,118,3,0,0,0,0,0,0,0,0,0,0,0,0,0,0,0,0,0,0,0,0,0,0,0,63,182,204,75,0,0,0,0,0,0,0,0,0,0,0,0,0,0,0,0,0,0,0,0,0,0,0,0,160,238,189,47,0,0,0,0,0,0,0,0,0,0,0,0,0,0,0,0,0,0,0,0,0,0,0,31,230,252,173,18,0,0,0,0,0,0,0,0,0,0,0,0,0,0,0,0,0,0,0,0,0,1,21,149,251,242,137,0,0,0,0,0,0,0,0,0,0,0,0,0,0,0,0,0,0,0,0,0,0,17,102,230,246,192,62,0,0,0,0,0,0,0,0,0,0,0,0,0,0,0,0,0,0,0,0,0,2,61,175,251,207,100,8,0,0,0,0,0,0,0,0,0,0,0,0,0,0,0,0,0,0,0,0,0,28,155,237,240,120,26,0,0,0,0,0,0,0,0,0,0,0,0,0,0,0,0,0,0,0,0,0,0,97,230,252,155,33,1,0,0,0,0,0,0,0,0,0,0,0,0,0,0,0,0,0,0,0,0,0,7,147,252,251,36,1,0,0,0,0,0,0,0,0,0,0,0,0,0,0,0,0,0,0,0,0,0,0,18,126,219,144,3,0,0,0,0,0,0,0,0,0,0,0,0,0,0,0,0,0,0,0,0,0,0,0,0,0,0,12,0,0,0,0,0,0,0,0,0,0,0,0,0,0,7
0,0,0,0,0,0,0,0,0,0,0,0,0,0,0,0,0,0,0,0,0,0,0,0,0,0,0,0,0,0,0,0,0,0,0,0,0,0,0,0,0,0,0,0,0,0,0,0,0,0,0,0,0,0,0,0,0,0,0,0,0,0,0,0,0,0,0,0,0,0,0,0,0,0,0,0,0,0,0,0,0,0,0,0,0,0,0,0,0,0,0,0,0,0,0,0,0,0,0,0,0,0,0,0,0,0,0,0,0,0,0,0,0,0,0,0,0,0,0,0,0,0,0,0,0,0,0,0,0,0,0,0,0,0,0,0,0,0,0,0,0,0,0,0,0,11,19,0,0,0,0,0,0,0,0,0,0,0,0,0,0,0,0,0,0,0,0,0,0,0,0,0,5,90,177,248,213,177,116,51,0,0,0,0,0,0,0,0,0,0,0,0,0,0,0,0,0,0,0,0,24,158,188,112,133,158,194,160,63,27,0,0,0,0,0,0,0,0,0,0,0,0,0,0,0,0,0,0,6,33,45,4,19,41,97,166,205,194,123,39,0,0,0,0,0,0,0,0,0,0,0,0,0,0,0,0,0,0,0,0,0,0,6,43,111,177,229,204,143,81,19,0,0,0,0,0,0,0,0,0,0,0,0,0,0,0,0,0,0,0,0,0,0,5,63,141,183,184,95,15,0,0,0,0,0,0,0,0,0,0,0,0,0,0,0,0,0,0,0,0,0,0,3,23,59,172,177,53,0,0,0,0,0,0,0,0,0,0,0,0,0,0,0,0,0,0,0,0,0,0,0,0,0,78,201,89,6,0,0,0,0,0,0,0,0,0,0,0,0,0,0,0,0,0,0,0,0,0,0,0,0,11,185,138,16,0,0,0,0,0,0,0,0,0,0,0,0,0,0,0,0,0,0,0,0,0,0,0,0,5,148,142,0,0,0,0,0,0,0,0,0,0,0,0,0,0,0,0,0,0,0,0,0,0,0,0,0,25,155,173,0,0,0,0,0,0,0,0,0,0,0,0,0,0,0,0,0,0,0,0,0,0,0,0,0,55,171,135,0,0,0,0,0,0,0,0,0,0,0,0,0,0,0,0,0,0,0,0,0,0,0,0,13,115,176,68,0,0,0,0,0,0,0,0,0,0,0,0,0,0,0,0,0,0,0,0,0,0,0,0,75,177,139,36,0,0,0,0,0,0,0,0,0,0,0,0,0,0,0,0,0,0,0,0,0,0,0,7,167,173,55,3,0,0,0,0,0,0,0,0,0,0,0,0,0,0,0,0,0,0,0,0,0,0,0,86,233,111,13,0,0,0,0,0,0,0,0,0,0,0,0,0,0,0,0,0,0,0,0,0,0,0,13,185,220,40,0,0,0,0,0,0,0,0,0,0,0,0,0,0,0,0,0,0,0,0,0,0,0,14,98,220,117,2,0,0,0,0,0,0,0,0,0,0,0,0,0,0,0,0,0,0,0,0,0,0,1,62,193,175,31,0,0,0,0,0,0,0,0,0,0,0,0,0,0,0,0,0,0,0,0,0,0,0,19,129,178,73,1,0,0,0,0,0,0,0,0,0,0,0,0,0,0,0,0,0,0,0,0,0,0,0,76,192,128,22,0,0,0,0,0,0,0,0,0,0,0,0,0,0,0,0,0,0,0,0,0,0,0,0,149,160,47,3,0,0,0,0,0,0,0,0,0,0,0,0,0,0,0,0,0,0,0,0,0,0,0,0,0,9,3,0,0,0,0,0,0,0,0,0,0,0,0,0,7
0,0,0,0,0,0,0,0,0,0,0,0,0,0,0,0,0,0,0,0,0,0,0,0,0,0,0,0,0,0,0,0,0,0,0,0,0,0,0,0,0,0,0,0,0,0,0,0,0,0,0,0,0,0,0,0,0,0,0,0,0,0,0,0,0,0,0,0,0,0,0,0,0,0,0,0,0,0,0,0,0,0,0,0,0,0,0,0,0,0,0,0,0,0,0,0,0,0,0,0,0,0,0,0,0,0,0,0,0,0,0,0,0,0,0,0,0,0,0,0,0,0,0,0,0,0,0,0,0,0,0,0,0,0,0,0,0,0,0,0,0,0,0,0,0,0,0,0,0,0,0,0,0,0,0,0,0,0,0,0,0,0,0,0,0,0,0,0,0,0,0,0,0,0,0,0,0,9,37,52,31,9,0,0,0,0,0,0,0,0,0,0,0,0,0,0,0,0,0,0,0,0,0,0,9,64,157,224,200,145,135,123,111,99,98,114,116,91,44,5,0,0,0,0,0,0,0,0,0,0,0,0,38,148,234,252,252,252,249,239,230,219,217,235,253,246,156,32,0,0,0,0,0,0,0,0,0,0,0,0,80,201,251,252,245,249,252,252,252,252,252,252,252,252,185,57,0,0,0,0,0,0,0,0,0,0,0,0,110,224,252,252,193,209,219,185,179,186,204,239,252,252,179,49,0,0,0,0,0,0,0,0,0,0,0,17,158,239,253,232,96,28,20,23,33,64,180,241,252,246,135,26,0,0,0,0,0,0,0,0,0,0,0,50,221,251,254,161,18,0,0,0,24,144,229,250,244,177,52,5,0,0,0,0,0,0,0,0,0,0,0,97,248,252,249,149,5,0,0,4,139,236,251,252,206,40,2,0,0,0,0,0,0,0,0,0,0,0,8,125,252,250,218,63,0,0,6,143,236,252,251,222,107,0,0,0,0,0,0,0,0,0,0,0,0,0,19,142,252,238,146,11,1,9,65,226,252,249,221,137,16,0,0,0,0,0,0,0,0,0,0,0,0,0,11,83,180,169,62,0,24,127,226,250,252,229,130,42,0,0,0,0,0,0,0,0,0,0,0,0,0,0,0,13,54,48,0,9,76,222,252,254,241,170,40,0,0,0,0,0,0,0,0,0,0,0,0,0,0,0,0,0,0,0,14,78,181,242,252,243,167,54,5,0,0,0,0,0,0,0,0,0,0,0,0,0,0,0,0,0,0,17,72,181,252,252,244,164,53,4,0,0,0,0,0,0,0,0,0,0,0,0,0,0,0,0,0,0,0,77,165,225,252,252,217,90,6,0,0,0,0,0,0,0,0,0,0,0,0,0,0,0,0,0,0,3,72,175,240,252,251,250,134,29,0,0,0,0,0,0,0,0,0,0,0,0,0,0,0,0,0,0,0,49,197,250,253,252,235,116,26,2,0,0,0,0,0,0,0,0,0,0,0,0,0,0,0,0,0,0,55,162,239,252,249,228,106,14,1,0,0,0,0,0,0,0,0,0,0,0,0,0,0,0,0,0,0,0,108,238,251,252,209,92,18,1,0,0,0,0,0,0,0,0,0,0,0,0,0,0,0,0,0,0,0,2,75,241,250,188,83,0,0,0,0,0,0,0,0,0,0,0,0,0,0,0,0,0,0,0,0,0,0,1,23,112,132,44,5,0,0,0,0,0,0,0,0,0,0,0,0,0,0,0,0,0,0,0,0,0,0,0,0,0,0,0,0,0,0,0,0,0,0,0,0,0,0,0,0,0,0,0,0,0,7
0,0,0,0,0,0,0,0,0,0,0,0,0,0,0,0,0,0,0,0,0,0,0,0,0,0,0,0,0,0,0,0,0,0,0,0,0,0,0,0,0,0,0,0,0,0,0,0,0,0,0,0,0,0,0,0,0,0,0,0,0,0,0,0,0,0,0,0,0,0,0,0,0,0,0,0,0,0,0,0,0,0,0,0,0,0,0,0,0,0,0,0,0,0,0,0,0,0,0,0,0,0,0,0,0,0,0,0,0,0,0,0,0,0,0,0,0,0,0,0,0,0,0,0,0,0,0,0,0,0,0,0,0,0,0,0,0,0,0,0,0,0,0,0,0,0,0,0,0,0,0,0,0,0,0,0,0,0,0,0,0,0,0,0,0,0,0,0,0,0,0,0,0,0,0,50,71,24,0,0,0,0,0,0,0,0,13,73,70,18,0,0,0,0,0,0,0,0,0,0,0,0,0,95,139,52,0,0,0,0,0,0,0,11,73,180,155,44,0,0,0,0,0,0,0,0,0,0,0,0,0,81,167,92,1,0,0,0,0,6,31,86,175,219,132,21,0,0,0,0,0,0,0,0,0,0,0,0,0,67,190,169,48,0,0,0,12,68,150,207,244,189,57,1,0,0,0,0,0,0,0,0,0,0,0,0,0,44,170,234,169,87,66,109,194,231,201,197,225,110,10,0,0,0,0,0,0,0,0,0,0,0,0,0,0,21,125,247,224,224,230,229,170,88,65,168,186,26,0,0,0,0,0,0,0,0,0,0,0,0,0,0,0,10,94,209,79,89,70,40,0,2,53,228,124,0,0,0,0,0,0,0,0,0,0,0,0,0,0,0,0,5,95,197,4,9,5,1,0,4,133,243,54,0,0,0,0,0,0,0,0,0,0,0,0,0,0,0,39,65,145,205,6,0,0,0,0,0,216,216,32,1,0,0,0,0,0,0,0,0,0,0,0,0,0,0,87,179,205,133,13,0,0,0,0,8,220,140,16,0,0,0,0,0,0,0,0,0,0,0,0,0,0,0,32,129,121,42,4,0,0,0,0,60,210,81,7,0,0,0,0,0,0,0,0,0,0,0,0,0,0,0,0,14,10,1,0,0,0,0,0,73,186,75,3,0,0,0,0,0,0,0,0,0,0,0,0,0,0,0,0,0,0,0,0,0,0,0,4,129,190,69,0,0,0,0,0,0,0,0,0,0,0,0,0,0,0,0,0,0,0,0,0,0,0,0,12,141,188,60,0,0,0,0,0,0,0,0,0,0,0,0,0,0,0,0,0,0,0,0,0,0,0,0,10,121,185,53,0,6,18,12,0,0,0,0,0,0,0,0,0,0,0,0,0,0,0,0,0,0,0,0,8,102,200,66,3,40,89,37,0,0,0,0,0,0,0,0,0,0,0,0,0,0,0,0,0,0,0,0,6,80,218,110,41,121,102,19,0,0,0,0,0,0,0,0,0,0,0,0,0,0,0,0,0,0,0,0,1,43,207,196,141,169,39,0,0,0,0,0,0,0,0,0,0,0,0,0,0,0,0,0,0,0,0,0,0,12,157,251,209,84,5,0,0,0,0,0,0,0,0,0,0,0,0,0,0,0,0,0,0,0,0,0,0,0,20,184,99,9,0,0,0,0,0,0,0,0,0,0,0,0,0,0,0,0,0,0,0,0,0,0,0,0,0,0,0,0,0,0,0,0,0,0,0,0,0,0,0,0,0,0,0,0,0,0,0,0,0,0,0,0,0,0,0,0,0,0,0,0,0,0,0,0,7
0,0,0,0,0,0,0,0,0,0,0,0,0,0,0,0,0,0,0,0,0,0,0,0,0,0,0,0,0,0,0,0,0,0,0,0,0,0,0,0,0,0,0,0,0,0,0,0,0,0,0,0,0,0,0,0,0,0,0,0,0,0,0,0,0,0,0,0,0,0,0,0,0,0,0,0,0,0,0,0,0,0,0,0,0,0,0,0,0,0,0,0,0,0,0,0,0,0,0,0,0,0,0,0,0,0,0,0,0,0,0,0,0,0,0,0,0,0,0,0,0,0,0,0,0,0,0,0,0,0,0,0,0,0,0,0,0,0,0,0,0,0,0,0,0,0,0,0,0,0,0,0,0,0,0,0,0,0,0,0,0,0,0,0,0,0,0,0,0,0,0,0,0,0,0,0,0,0,0,0,0,0,17,41,73,141,165,32,0,0,0,0,0,0,0,0,0,0,0,0,0,0,0,0,12,95,64,33,36,122,140,174,204,247,248,87,9,0,0,0,0,0,0,0,0,0,0,0,0,0,0,0,78,215,198,194,219,250,249,248,250,252,242,94,9,0,0,0,0,0,0,0,0,0,0,0,0,0,0,0,159,247,248,242,247,239,205,197,230,252,222,86,0,0,0,0,0,0,0,0,0,0,0,0,0,0,0,5,145,252,193,101,86,49,0,60,184,252,186,49,0,0,0,0,0,0,0,0,0,0,0,0,0,0,0,37,165,252,169,22,8,2,0,53,195,252,182,9,0,0,0,0,0,0,0,0,0,0,0,0,0,0,7,81,229,243,152,5,0,0,4,77,244,245,168,0,0,0,0,0,0,0,0,0,0,0,0,0,0,0,8,89,252,238,94,0,0,0,8,142,251,231,79,0,0,0,0,0,0,0,0,0,0,0,0,0,0,0,0,72,249,245,54,1,0,0,3,182,247,210,32,0,0,0,0,0,0,0,0,0,0,0,0,0,0,0,0,137,238,207,45,2,0,0,47,199,248,172,34,0,0,0,0,0,0,0,0,0,0,0,0,0,0,0,0,115,204,133,25,0,0,0,98,221,244,123,15,0,0,0,0,0,0,0,0,0,0,0,0,0,0,0,0,29,85,49,4,0,0,0,130,253,220,90,0,0,0,0,0,0,0,0,0,0,0,0,0,0,0,0,0,0,0,0,0,0,0,12,118,252,207,80,0,0,0,0,0,0,0,0,0,0,0,0,0,0,0,0,0,0,0,0,0,0,0,34,180,252,217,60,0,0,0,0,0,0,0,0,0,0,0,0,0,0,0,0,0,0,0,0,0,0,3,56,240,251,204,12,0,0,0,0,0,0,0,0,0,0,0,0,0,0,0,0,0,0,0,0,0,0,0,58,242,252,123,10,0,0,0,0,0,0,0,0,0,0,0,0,0,0,0,0,0,0,0,0,0,0,0,95,228,244,80,6,0,0,0,0,0,0,0,0,0,0,0,0,0,0,0,0,0,0,0,0,0,0,0,110,224,220,68,0,0,0,0,0,0,0,0,0,0,0,0,0,0,0,0,0,0,0,0,0,0,0,27,154,248,199,70,0,0,0,0,0,0,0,0,0,0,0,0,0,0,0,0,0,0,0,0,0,0,0,45,171,251,192,53,0,0,0,0,0,0,0,0,0,0,0,0,0,0,0,0,0,0,0,0,0,0,0,25,121,227,177,10,0,0,0,0,0,0,0,0,0,0,0,0,0,0,0,0,0,0,0,0,0,0,0,3,18,13,0,0,0,0,0,0,0,0,0,0,0,0,0,7
0,0,0,0,0,0,0,0,0,0,0,0,0,0,0,0,0,0,0,0,0,0,0,0,0,0,0,0,0,0,0,0,0,0,0,0,0,0,0,0,0,0,0,0,0,0,0,0,0,0,0,0,0,0,0,0,0,0,0,0,0,0,0,0,0,0,0,0,0,0,0,0,0,0,0,0,0,0,0,0,0,0,0,0,0,0,0,0,0,0,0,0,0,0,0,0,0,0,0,0,0,0,0,0,0,0,0,0,0,0,0,0,0,0,0,0,0,0,0,0,0,0,0,0,0,0,0,0,0,0,0,0,0,0,0,0,0,0,0,0,0,0,0,0,0,0,0,0,0,0,0,0,0,0,0,0,0,0,0,0,0,0,0,0,0,0,0,0,0,0,0,0,0,0,0,0,3,7,12,16,13,1,9,17,22,14,0,1,0,0,0,0,0,0,0,0,0,0,0,5,52,158,181,116,56,96,135,175,188,49,85,120,151,120,59,30,20,6,0,0,0,0,0,0,0,0,0,20,157,252,250,247,252,252,252,252,252,253,252,252,252,228,228,165,133,78,19,1,0,0,0,0,0,0,0,37,237,252,252,252,252,252,252,252,252,253,252,252,252,252,252,252,252,204,125,39,0,0,0,0,0,0,0,81,219,252,252,252,247,225,200,180,213,249,245,252,252,252,252,252,252,252,228,118,0,0,0,0,0,0,0,80,170,228,252,252,207,126,77,53,78,121,163,209,218,252,252,252,252,252,252,178,0,0,0,0,0,0,0,4,48,119,152,128,86,26,0,0,7,9,26,73,107,193,252,252,252,252,252,222,0,0,0,0,0,0,0,0,3,19,33,13,0,0,0,0,0,0,0,1,42,191,252,252,252,252,252,252,18,0,0,0,0,0,0,0,0,0,0,0,0,0,0,0,0,0,0,0,55,216,251,252,252,252,245,134,15,0,0,0,0,0,0,0,0,0,0,0,0,0,0,0,0,0,0,11,110,229,254,254,249,240,178,49,1,0,0,0,0,0,0,0,0,0,0,0,0,0,0,0,0,0,4,66,199,252,252,241,202,151,74,8,0,0,0,0,0,0,0,0,0,0,0,0,0,0,0,7,27,40,60,159,252,252,252,212,78,0,0,0,0,0,0,0,0,0,0,0,0,0,0,0,0,0,3,47,156,220,252,252,240,201,185,157,59,0,0,0,0,0,0,0,0,0,0,0,0,0,0,0,0,6,34,126,236,252,252,233,191,76,48,20,0,0,0,0,0,0,0,0,0,0,0,0,0,0,0,0,0,55,135,216,249,252,252,133,77,10,0,0,0,0,0,0,0,0,0,0,0,0,0,0,0,0,0,0,31,153,238,252,252,252,167,35,0,0,0,0,0,0,0,0,0,0,0,0,0,0,0,0,0,0,0,0,53,187,252,252,252,196,66,3,0,0,0,0,0,0,0,0,0,0,0,0,0,0,0,0,0,0,0,0,40,159,252,252,222,108,12,0,0,0,0,0,0,0,0,0,0,0,0,0,0,0,0,0,0,0,0,0,24,131,252,252,236,164,29,0,0,0,0,0,0,0,0,0,0,0,0,0,0,0,0,0,0,0,0,0,8,104,252,252,249,117,7,0,0,0,0,0,0,0,0,0,0,0,0,0,0,0,0,0,0,0,0,0,0,81,186,157,113,30,1,0,0,0,0,0,0,0,0,0,0,0,0,0,0,0,0,0,0,0,0,0,0,0,0,0,0,0,0,0,0,0,0,0,0,0,0,0,0,0,0,0,7
0,0,0,0,0,0,0,0,0,0,0,0,0,0,0,0,0,0,0,0,0,0,0,0,0,0,0,0,0,0,0,0,0,0,0,0,0,0,0,0,0,0,0,0,0,0,0,0,0,0,0,0,0,0,0,0,0,0,0,0,0,0,0,0,0,0,0,0,0,0,0,0,0,0,0,0,0,0,0,0,0,0,0,0,0,0,0,0,0,0,0,0,0,0,0,0,0,0,0,0,0,0,0,0,0,0,0,0,0,0,0,0,0,0,0,0,0,0,0,0,0,0,0,0,0,0,0,0,0,0,0,0,0,0,0,0,0,0,0,0,0,0,0,0,0,0,0,0,0,0,0,0,0,0,0,0,0,0,0,0,0,0,0,0,0,0,0,0,0,0,0,0,0,0,0,0,0,0,0,0,0,0,0,0,0,0,0,0,0,0,0,0,0,0,0,0,0,0,0,0,0,0,0,0,0,22,20,0,0,9,45,54,75,65,18,69,119,134,0,0,0,0,0,0,0,0,0,0,2,41,130,140,122,141,140,149,201,244,218,177,204,228,243,245,248,244,10,0,0,0,0,0,0,0,0,0,11,132,248,240,248,253,253,251,252,253,254,254,254,253,253,254,254,223,50,0,0,0,0,0,0,0,0,0,0,220,252,254,254,239,217,195,189,234,216,203,195,208,240,254,239,140,19,0,0,0,0,0,0,0,0,0,6,182,252,235,179,131,100,69,45,26,33,65,70,114,221,254,219,94,1,0,0,0,0,0,0,0,0,0,60,198,254,217,99,0,0,0,0,0,0,0,13,108,252,253,218,48,0,0,0,0,0,0,0,0,0,0,74,243,254,229,121,0,0,0,0,0,0,0,14,169,254,252,190,17,0,0,0,0,0,0,0,0,0,4,68,251,254,249,117,0,0,0,0,0,0,0,42,206,253,246,109,12,0,0,0,0,0,0,0,0,0,0,111,234,253,237,71,3,0,0,0,0,0,2,90,218,254,233,89,0,0,0,0,0,0,0,0,0,0,0,17,156,215,150,32,0,0,0,0,0,0,21,139,242,254,203,66,0,0,0,0,0,0,0,0,0,0,0,0,43,90,52,5,0,0,0,0,0,0,40,189,254,246,170,17,0,0,0,0,0,0,0,0,0,0,0,0,0,0,0,0,0,0,0,0,0,0,50,221,254,254,97,5,0,0,0,0,0,0,0,0,0,0,0,0,0,0,0,0,0,0,0,0,0,9,152,243,254,237,81,6,0,0,0,0,0,0,0,0,0,0,0,0,0,0,0,0,0,0,0,0,0,53,197,254,252,191,56,0,0,0,0,0,0,0,0,0,0,0,0,0,0,0,0,0,0,0,0,0,3,90,228,254,241,145,1,0,0,0,0,0,0,0,0,0,0,0,0,0,0,0,0,0,0,0,0,0,27,165,254,253,232,88,0,0,0,0,0,0,0,0,0,0,0,0,0,0,0,0,0,0,0,0,0,0,11,202,254,254,190,29,0,0,0,0,0,0,0,0,0,0,0,0,0,0,0,0,0,0,0,0,0,0,45,213,254,254,139,24,0,0,0,0,0,0,0,0,0,0,0,0,0,0,0,0,0,0,0,0,0,0,48,183,253,249,140,22,0,0,0,0,0,0,0,0,0,0,0,0,0,0,0,0,0,0,0,0,0,0,22,118,228,184,88,8,0,0,0,0,0,0,0,0,0,0,0,0,0,0,0,0,0,0,0,0,0,0,3,14,0,0,0,0,0,0,0,0,0,0,0,0,0,7
0,0,0,0,0,0,0,0,0,0,0,0,0,0,0,0,0,0,0,0,0,0,0,0,0,0,0,0,0,0,0,0,0,0,0,0,0,0,0,0,0,0,0,0,0,0,0,0,0,0,0,0,0,0,0,0,0,0,0,0,0,0,0,0,0,0,0,0,0,0,0,0,0,0,0,0,0,0,0,0,0,0,0,0,0,0,0,0,0,0,0,0,0,0,0,0,0,0,0,0,0,0,0,0,0,0,0,0,0,0,0,0,0,0,0,0,0,0,0,0,0,0,0,0,0,0,0,0,0,0,0,0,0,0,0,0,0,0,0,0,0,0,0,0,0,0,0,0,0,0,0,0,0,0,0,0,0,16,0,0,0,0,0,0,0,0,0,0,0,0,0,0,0,0,0,0,0,0,0,0,0,17,58,155,228,136,30,0,0,0,0,0,0,0,0,0,0,0,0,0,0,0,0,0,0,1,9,16,77,144,185,238,252,227,91,0,0,0,0,0,0,0,0,0,0,0,0,0,0,0,0,0,4,25,91,149,215,247,214,189,252,218,84,0,0,0,0,0,0,0,0,0,0,0,0,0,0,0,12,50,131,212,251,243,209,163,114,98,249,202,18,0,0,0,0,0,0,0,0,0,0,0,0,0,0,9,88,157,227,249,204,140,65,2,0,121,238,186,41,0,0,0,0,0,0,0,0,0,0,0,0,0,0,127,238,212,177,83,27,14,5,0,0,135,246,207,73,0,0,0,0,0,0,0,0,0,0,0,0,0,10,150,214,115,51,10,0,0,0,0,2,96,252,206,73,52,67,43,0,0,0,0,0,0,0,0,0,0,5,19,0,0,0,0,0,0,0,0,6,101,252,227,145,174,206,179,21,0,0,0,0,0,0,0,0,0,0,0,0,0,0,0,0,0,0,0,19,172,246,251,244,215,150,42,0,0,0,0,0,0,0,0,0,0,0,0,0,0,0,0,0,7,20,85,169,230,251,226,173,109,43,5,0,0,0,0,0,0,0,0,0,0,0,0,0,0,0,0,6,72,148,215,247,240,241,159,0,0,0,0,0,0,0,0,0,0,0,0,0,0,0,0,0,0,0,26,141,214,214,184,122,195,250,93,3,0,0,0,0,0,0,0,0,0,0,0,0,0,0,0,0,0,1,106,240,207,103,48,3,154,241,82,0,0,0,0,0,0,0,0,0,0,0,0,0,0,0,0,0,0,0,129,114,33,7,0,16,147,229,107,0,0,0,0,0,0,0,0,0,0,0,0,0,0,0,0,0,0,0,34,17,0,0,0,36,167,222,73,0,0,0,0,0,0,0,0,0,0,0,0,0,0,0,0,0,0,0,0,0,0,0,0,6,174,221,31,0,0,0,0,0,0,0,0,0,0,0,0,0,0,0,0,0,0,0,0,0,0,0,0,8,163,187,55,0,0,0,0,0,0,0,0,0,0,0,0,0,0,0,0,0,0,0,0,0,0,0,0,45,181,210,88,0,0,0,0,0,0,0,0,0,0,0,0,0,0,0,0,0,0,0,0,0,0,0,0,58,252,225,79,0,0,0,0,0,0,0,0,0,0,0,0,0,0,0,0,0,0,0,0,0,0,0,0,1,246,227,46,2,0,0,0,0,0,0,0,0,0,0,0,0,0,0,0,0,0,0,0,0,0,0,0,0,180,143,29,0,0,0,0,0,0,0,0,0,0,0,0,0,0,0,0,0,0,0,0,0,0,0,0,0,8,0,0,0,0,0,0,0,0,0,0,0,0,7
0,0,0,0,0,0,0,0,0,0,0,0,0,0,0,0,0,0,0,0,0,0,0,0,0,0,0,0,0,0,0,0,0,0,0,0,0,0,0,0,0,0,0,0,0,0,0,0,0,0,0,0,0,0,0,0,0,0,0,0,0,0,0,0,0,0,0,0,0,0,0,0,0,0,0,0,0,0,0,0,0,0,0,0,0,0,0,0,0,0,0,0,0,0,0,0,0,0,0,0,0,0,0,0,0,0,0,0,0,0,0,0,0,0,0,0,0,0,0,0,0,0,0,0,0,0,19,83,139,68,5,0,0,0,0,0,0,0,0,0,0,0,0,0,0,0,0,0,0,0,0,0,0,30,119,211,234,143,57,15,2,0,0,0,0,0,0,0,0,0,0,0,0,0,0,0,0,0,0,4,41,149,252,251,172,161,245,171,37,2,0,0,0,0,0,0,0,0,0,0,0,0,0,0,0,0,0,71,174,239,239,182,75,128,252,228,99,2,0,0,0,0,0,0,0,0,0,0,0,0,0,0,0,0,17,140,234,227,123,39,21,117,250,244,161,26,0,0,0,0,0,0,0,0,0,0,0,0,0,0,0,4,140,233,249,134,26,1,0,52,198,252,179,54,0,0,0,0,0,0,0,0,0,0,0,0,0,0,6,67,216,238,173,16,0,0,1,78,240,252,153,22,0,0,0,0,0,0,0,0,0,0,0,0,0,0,10,132,252,204,86,1,12,52,108,205,252,223,90,0,0,0,0,0,0,0,0,0,0,0,0,0,0,0,4,141,237,186,71,40,120,189,227,252,236,143,23,0,0,0,0,0,0,0,0,0,0,0,0,0,0,0,4,111,250,224,148,214,240,249,251,249,226,83,6,0,0,0,0,0,0,0,0,0,0,0,0,0,0,0,5,66,219,252,252,251,248,221,179,193,244,138,7,0,0,0,0,0,0,0,0,0,0,0,0,0,0,0,39,145,239,248,225,222,161,80,29,66,224,196,19,0,0,0,0,0,0,0,0,0,0,0,0,0,0,31,141,229,235,171,99,28,20,5,19,129,235,182,54,0,0,0,0,0,0,0,0,0,0,0,0,1,27,147,237,237,126,36,2,0,0,2,64,210,244,113,28,0,0,0,0,0,0,0,0,0,0,0,0,51,153,235,201,87,19,0,0,0,7,52,176,250,220,5,0,0,0,0,0,0,0,0,0,0,0,0,0,61,202,253,151,24,0,0,5,21,96,181,252,226,132,0,0,0,0,0,0,0,0,0,0,0,0,0,0,1,213,250,206,83,75,67,72,140,213,248,239,166,55,0,0,0,0,0,0,0,0,0,0,0,0,0,0,8,104,209,248,235,207,202,235,242,226,188,110,34,8,0,0,0,0,0,0,0,0,0,0,0,0,0,0,1,27,107,205,252,252,243,231,184,88,37,0,0,0,0,0,0,0,0,0,0,0,0,0,0,0,0,0,0,0,0,0,40,105,138,88,35,6,0,0,0,0,0,0,0,0,0,0,0,0,0,0,0,0,0,0,0,0,0,0,0,0,0,0,1,0,0,0,0,0,0,0,0,0,0,0,0,0,0,0,0,0,0,0,0,0,0,0,0,0,0,0,0,0,0,0,0,0,0,0,0,0,0,0,0,0,0,0,0,0,0,0,0,0,0,0,0,0,0,0,0,0,0,0,0,0,0,0,0,0,0,0,0,0,0,0,0,0,0,0,0,0,0,0,0,0,0,0,0,0,0,0,0,0,0,0,0,0,0,0,0,0,0,8
0,0,0,0,0,0,0,0,0,0,0,0,0,0,0,0,0,0,0,0,0,0,0,0,0,0,0,0,0,0,0,0,0,0,0,0,0,0,0,0,0,0,0,0,0,0,0,0,0,0,0,0,0,0,0,0,0,0,0,0,0,0,0,0,0,0,0,0,0,0,0,0,0,0,0,0,0,0,0,0,0,0,0,0,0,0,0,0,0,0,0,0,0,0,0,0,0,0,0,0,0,0,0,0,0,0,0,0,0,0,0,0,0,0,0,0,0,0,0,0,0,0,0,0,0,0,0,0,0,0,0,0,0,0,0,0,0,0,0,0,0,0,0,0,0,0,0,0,0,0,0,0,0,0,0,0,0,0,0,0,0,0,0,0,0,0,0,0,0,0,0,0,0,0,0,0,0,2,0,18,65,55,7,0,0,0,0,0,0,0,0,0,0,0,0,0,0,0,0,0,0,0,0,0,0,30,136,161,206,213,113,20,0,0,0,0,0,0,0,0,0,0,0,0,0,0,0,0,0,0,0,0,0,2,127,191,212,251,250,180,96,57,17,0,0,0,0,0,0,0,0,0,0,0,0,0,0,0,0,0,0,0,22,65,107,233,107,141,150,161,109,9,0,0,0,0,0,0,0,0,0,0,0,0,0,0,0,0,0,0,0,0,44,187,163,30,70,129,208,205,141,76,31,4,0,0,0,0,0,0,0,0,0,0,0,0,0,0,0,0,21,144,178,44,0,0,0,42,127,160,129,47,0,0,0,0,0,0,0,0,0,0,0,0,0,0,0,0,0,126,189,58,0,0,0,4,39,107,191,213,97,14,0,0,0,0,0,0,0,0,0,0,0,0,0,0,0,110,235,32,0,0,0,0,0,6,60,183,203,55,0,0,0,0,0,0,0,0,0,2,6,0,1,8,28,106,230,0,0,0,1,0,0,2,16,86,232,35,0,0,0,0,0,0,0,17,53,69,90,151,154,131,132,189,209,84,78,62,38,61,72,93,119,222,187,0,0,0,0,0,0,0,35,140,139,158,176,141,117,143,220,241,190,142,154,196,220,161,118,132,150,95,38,0,0,0,0,0,0,0,165,186,77,21,2,17,17,70,187,162,64,56,46,17,5,37,33,6,0,3,1,0,0,0,0,0,0,38,216,105,2,0,0,3,73,192,208,47,4,0,0,0,0,0,0,0,0,0,0,0,0,0,0,0,0,51,181,150,52,38,50,136,185,163,49,0,0,0,0,0,0,0,0,0,0,0,0,0,0,0,0,0,0,3,103,182,165,174,223,166,101,40,0,0,0,0,0,0,0,0,0,0,0,0,0,0,0,0,0,0,0,0,21,81,137,143,74,37,11,0,0,0,0,0,0,0,0,0,0,0,0,0,0,0,0,0,0,0,0,0,0,0,0,0,1,1,0,0,0,0,0,0,0,0,0,0,0,0,0,0,0,0,0,0,0,0,0,0,0,0,0,0,0,0,0,0,0,0,0,0,0,0,0,0,0,0,0,0,0,0,0,0,0,0,0,0,0,0,0,0,0,0,0,0,0,0,0,0,0,0,0,0,0,0,0,0,0,0,0,0,0,0,0,0,0,0,0,0,0,0,0,0,0,0,0,0,0,0,0,0,0,0,0,0,0,0,0,0,0,0,0,0,0,0,0,0,0,0,0,0,0,0,0,0,0,0,0,0,0,0,0,0,0,0,0,0,0,0,0,0,0,0,0,0,0,0,0,0,0,0,0,0,0,0,0,0,0,0,0,0,0,0,0,0,8
0,0,0,0,0,0,0,0,0,0,0,0,0,0,0,0,0,0,0,0,0,0,0,0,0,0,0,0,0,0,0,0,0,0,0,0,0,0,0,0,0,0,0,0,0,0,0,0,0,0,0,0,0,0,0,0,0,0,0,0,0,0,0,0,0,0,0,0,0,0,0,0,0,0,0,0,0,0,0,0,0,0,0,0,0,0,0,0,0,0,0,0,0,0,0,0,0,0,0,0,0,0,0,0,0,0,0,0,0,0,0,0,0,0,0,0,0,0,0,0,1,27,50,38,36,30,9,0,0,0,0,0,0,0,0,0,0,0,0,0,0,0,0,0,0,0,0,0,13,143,204,171,160,161,189,209,176,132,88,34,0,0,0,0,0,0,0,0,0,0,0,0,0,0,0,7,126,226,253,249,249,250,249,251,253,253,253,188,53,1,0,0,0,0,0,0,0,0,0,0,0,0,0,42,206,250,224,140,157,197,102,90,121,155,209,248,143,22,0,0,0,0,0,0,0,0,0,0,0,0,5,70,225,246,179,26,0,0,0,9,19,28,100,238,237,94,5,0,0,0,0,0,0,0,0,0,0,0,0,58,213,250,211,116,68,32,0,0,2,25,96,207,238,118,0,0,0,0,0,0,0,0,0,0,0,0,0,54,177,226,233,231,221,213,174,74,53,138,220,239,181,58,0,0,0,0,0,0,0,0,0,0,0,0,0,2,49,91,139,181,223,249,248,212,196,236,253,154,38,8,0,0,0,0,0,0,0,0,0,0,0,0,0,0,1,11,34,58,157,236,253,253,253,253,253,98,7,0,0,0,0,0,0,0,0,0,0,0,0,0,0,0,0,0,4,67,177,246,253,253,241,251,253,66,3,0,0,0,0,0,0,0,0,0,0,0,0,0,0,0,0,2,42,199,253,249,216,177,128,217,246,219,114,8,0,0,0,0,0,0,0,0,0,0,0,0,0,0,0,48,160,253,249,222,127,36,30,112,202,252,216,83,1,0,0,0,0,0,0,0,0,0,0,0,0,0,0,101,225,241,202,113,19,0,0,15,118,245,246,147,3,0,0,0,0,0,0,0,0,0,0,0,0,0,59,177,243,191,74,8,0,0,0,0,97,231,253,185,45,0,0,0,0,0,0,0,0,0,0,0,0,0,117,230,251,129,19,0,0,0,0,0,30,192,253,210,64,0,0,0,0,0,0,0,0,0,0,0,0,7,145,253,251,103,2,0,0,0,0,0,13,143,242,205,34,0,0,0,0,0,0,0,0,0,0,0,0,31,164,253,225,85,0,0,0,0,0,3,31,145,251,193,0,0,0,0,0,0,0,0,0,0,0,0,0,43,164,248,205,80,8,0,0,0,14,66,168,246,228,119,0,0,0,0,0,0,0,0,0,0,0,0,0,0,127,237,220,143,82,54,54,96,137,193,244,207,110,31,0,0,0,0,0,0,0,0,0,0,0,0,0,0,68,214,253,253,253,241,211,225,228,217,157,63,16,0,0,0,0,0,0,0,0,0,0,0,0,0,0,0,12,88,139,183,227,253,149,146,124,94,24,3,0,0,0,0,0,0,0,0,0,0,0,0,0,0,0,0,0,0,0,0,0,22,22,28,14,0,0,0,0,0,0,0,0,0,0,0,0,0,0,0,0,0,0,0,0,0,0,0,0,0,0,0,0,0,0,0,0,0,0,0,0,0,0,0,0,0,0,0,0,0,0,0,0,0,0,0,0,0,0,0,0,0,0,0,0,0,0,0,0,0,0,0,8
0,0,0,0,0,0,0,0,0,0,0,0,0,0,0,0,0,0,0,0,0,0,0,0,0,0,0,0,0,0,0,0,0,0,0,0,0,0,0,0,0,0,0,0,0,0,0,0,0,0,0,0,0,0,0,0,0,0,0,0,0,0,0,0,0,0,0,0,0,0,0,0,0,0,0,0,0,0,0,0,0,0,0,0,0,0,0,0,0,0,0,0,0,0,0,0,0,0,0,0,0,0,0,0,0,0,0,0,0,0,0,0,0,0,0,0,0,0,0,0,0,0,0,0,0,0,0,11,67,105,107,42,4,0,0,0,0,0,0,0,0,0,0,0,0,0,0,0,0,0,0,0,0,8,29,172,211,226,244,115,16,0,0,0,0,0,0,0,0,0,0,0,0,0,0,0,0,0,0,0,16,86,235,250,252,245,253,115,10,0,0,0,0,0,0,0,0,0,0,0,0,0,0,0,0,0,0,14,110,207,175,89,76,139,245,113,0,0,0,0,0,0,0,0,0,0,0,0,0,0,0,0,0,0,9,77,199,131,19,8,3,60,216,159,0,0,0,0,0,0,0,0,0,0,0,0,0,0,0,0,0,0,56,162,169,46,0,0,0,59,197,164,0,0,0,0,0,0,0,0,0,0,0,0,0,0,0,0,0,0,110,177,79,0,0,0,0,99,215,129,0,0,0,0,0,0,0,0,0,0,0,0,0,0,0,0,0,0,139,138,35,0,0,0,40,172,193,72,0,0,0,0,0,0,0,0,0,0,0,0,0,0,0,0,0,0,167,138,23,0,0,27,155,221,100,16,0,0,0,0,0,0,0,0,0,0,0,0,0,0,0,0,0,0,195,156,9,1,29,170,222,135,27,1,0,0,0,0,0,0,0,0,0,0,0,0,0,0,0,0,0,23,203,187,50,53,216,239,134,17,0,0,0,0,0,0,0,0,0,0,0,0,0,0,0,0,0,0,0,32,171,246,229,244,252,247,184,89,10,0,0,0,0,0,0,0,0,0,0,0,0,0,0,0,0,0,0,12,102,227,250,238,226,232,238,196,69,0,0,0,0,0,0,0,0,0,0,0,0,0,0,0,0,0,0,9,101,203,204,99,25,58,146,226,140,8,0,0,0,0,0,0,0,0,0,0,0,0,0,0,0,0,0,51,182,191,71,5,0,1,55,195,166,39,0,0,0,0,0,0,0,0,0,0,0,0,0,0,0,0,0,126,232,112,18,0,0,0,39,198,181,45,0,0,0,0,0,0,0,0,0,0,0,0,0,0,0,0,0,187,250,73,5,0,0,11,136,237,119,16,0,0,0,0,0,0,0,0,0,0,0,0,0,0,0,0,12,148,235,158,39,10,66,154,236,195,19,0,0,0,0,0,0,0,0,0,0,0,0,0,0,0,0,0,6,60,171,245,226,234,228,215,144,64,0,0,0,0,0,0,0,0,0,0,0,0,0,0,0,0,0,0,0,8,70,181,210,173,105,69,28,1,0,0,0,0,0,0,0,0,0,0,0,0,0,0,0,0,0,0,0,0,0,0,0,5,11,3,0,0,0,0,0,0,0,0,0,0,0,0,0,0,0,0,0,0,0,0,0,0,0,0,0,0,0,0,0,0,0,0,0,0,0,0,0,0,0,0,0,0,0,0,0,0,0,0,0,0,0,0,0,0,0,0,0,0,0,0,0,0,0,0,0,0,0,0,0,0,0,0,0,0,0,0,0,0,0,0,0,0,0,0,0,0,0,0,0,0,0,0,0,0,0,0,8
0,0,0,0,0,0,0,0,0,0,0,0,0,0,0,0,0,0,0,0,0,0,0,0,0,0,0,0,0,0,0,0,0,0,0,0,0,0,0,0,0,0,0,0,0,0,0,0,0,0,0,0,0,0,0,0,0,0,0,0,0,0,0,0,0,0,0,0,0,0,0,0,0,0,0,0,0,0,0,0,0,0,0,0,0,0,0,0,0,0,0,0,0,0,0,0,0,0,0,0,0,0,0,0,0,0,0,0,0,0,0,0,0,0,0,0,0,0,0,0,0,0,0,3,17,16,0,0,0,0,0,0,0,0,0,0,0,0,0,0,0,0,0,0,0,0,0,0,0,0,6,46,133,207,221,116,102,128,112,61,5,0,0,0,0,0,0,0,0,0,0,0,0,0,0,0,0,0,40,149,222,203,253,218,164,155,141,108,56,1,0,0,0,0,0,0,0,0,0,0,0,0,0,0,0,20,115,192,177,146,85,54,35,40,43,73,99,31,0,0,0,0,0,0,0,0,0,0,0,0,0,0,0,66,186,143,26,0,1,3,0,0,0,42,119,76,0,0,0,0,0,0,0,0,0,0,0,0,0,0,0,110,186,82,2,0,0,0,0,0,0,49,143,77,0,0,0,0,0,0,0,0,0,0,0,0,0,0,0,163,147,35,0,0,0,0,0,0,0,76,157,60,0,0,0,0,0,0,0,0,0,0,0,0,0,0,0,202,119,17,0,0,0,0,0,0,0,138,154,37,0,0,0,0,0,0,0,0,0,0,0,0,0,0,0,213,112,11,0,0,0,0,0,0,42,190,91,12,0,0,0,0,0,0,0,0,0,0,0,0,0,0,0,191,155,23,0,2,0,3,38,65,172,146,15,0,0,0,0,0,0,0,0,0,0,0,0,0,0,0,6,115,219,117,26,68,137,80,208,204,164,38,0,0,0,0,0,0,0,0,0,0,0,0,0,0,0,0,2,33,151,235,199,244,246,218,179,160,152,11,0,0,0,0,0,0,0,0,0,0,0,0,0,0,0,0,0,2,57,217,229,197,126,61,34,52,127,88,0,0,0,0,0,0,0,0,0,0,0,0,0,0,0,0,0,18,108,198,86,0,6,4,0,9,86,147,3,0,0,0,0,0,0,0,0,0,0,0,0,0,0,0,0,57,179,149,9,0,0,0,0,1,82,145,17,0,0,0,0,0,0,0,0,0,0,0,0,0,0,0,0,83,202,120,0,0,0,0,0,0,97,137,27,0,0,0,0,0,0,0,0,0,0,0,0,0,0,0,0,88,202,100,0,0,0,0,0,10,130,117,15,0,0,0,0,0,0,0,0,0,0,0,0,0,0,0,0,69,196,93,3,0,0,0,5,95,148,65,2,0,0,0,0,0,0,0,0,0,0,0,0,0,0,0,0,37,184,154,43,1,2,33,114,152,80,15,0,0,0,0,0,0,0,0,0,0,0,0,0,0,0,0,0,2,97,204,196,129,153,197,138,65,12,0,0,0,0,0,0,0,0,0,0,0,0,0,0,0,0,0,0,0,2,80,174,206,148,58,31,4,0,0,0,0,0,0,0,0,0,0,0,0,0,0,0,0,0,0,0,0,0,0,0,0,12,1,0,0,0,0,0,0,0,0,0,0,0,0,0,0,0,0,0,0,0,0,0,0,0,0,0,0,0,0,0,0,0,0,0,0,0,0,0,0,0,0,0,0,0,0,0,0,0,0,0,0,0,0,0,0,0,0,0,0,0,0,0,0,0,0,0,0,0,0,8
0,0,0,0,0,0,0,0,0,0,0,0,0,0,0,0,0,0,0,0,0,0,0,0,0,0,0,0,0,0,0,0,0,0,0,0,0,0,0,0,0,0,0,0,0,0,0,0,0,0,0,0,0,0,0,0,0,0,0,0,0,0,0,0,0,0,0,0,0,0,0,0,0,0,0,0,0,0,0,0,0,0,0,0,0,0,0,0,0,0,0,0,0,0,0,0,0,0,0,0,0,0,0,0,0,0,0,0,0,0,0,0,0,0,0,0,0,0,0,0,0,0,0,0,0,0,0,0,0,3,18,9,25,18,3,0,0,0,0,0,0,0,0,0,0,0,0,0,0,0,0,0,0,0,4,23,48,76,125,125,160,168,140,41,0,0,0,0,0,0,0,0,0,0,0,0,0,0,0,0,0,0,67,153,204,224,244,240,246,247,237,215,114,21,0,0,0,0,0,0,0,0,0,0,0,0,8,59,120,206,247,237,217,189,178,188,192,206,238,251,215,90,0,0,0,0,0,0,0,0,0,0,0,19,97,195,239,222,161,128,85,40,40,59,62,110,213,242,165,44,0,0,0,0,0,0,0,0,0,0,0,74,214,224,147,42,9,7,0,0,0,18,76,160,207,114,23,0,0,0,0,0,0,0,0,0,0,0,7,98,252,235,196,198,162,56,0,4,32,103,193,192,121,15,1,0,0,0,0,0,0,0,0,0,3,25,79,181,253,245,197,109,107,54,5,52,137,203,185,71,25,0,0,0,0,0,0,0,0,0,0,1,29,136,195,234,159,95,87,3,0,13,60,171,231,160,66,3,0,0,0,0,0,0,0,0,0,0,0,2,39,195,253,247,167,49,9,0,7,107,223,238,160,41,0,0,0,0,0,0,0,0,0,0,0,0,0,0,0,68,228,251,235,193,76,3,85,237,225,151,30,1,0,0,0,0,0,0,0,0,0,0,0,0,0,0,0,0,101,208,249,248,232,241,253,248,117,12,0,0,0,0,0,0,0,0,0,0,0,0,0,0,0,0,0,0,8,76,173,239,252,252,252,225,63,5,0,0,0,0,0,0,0,0,0,0,0,0,0,0,0,0,0,0,0,14,148,238,253,253,252,253,158,73,19,0,0,0,0,0,0,0,0,0,0,0,0,0,0,0,0,0,6,84,204,249,188,138,200,241,245,208,77,0,0,0,0,0,0,0,0,0,0,0,0,0,0,0,0,0,63,187,213,126,36,8,32,147,240,225,93,0,0,0,0,0,0,0,0,0,0,0,0,0,0,0,3,31,144,233,167,49,1,0,38,160,232,152,40,0,0,0,0,0,0,0,0,0,0,0,0,0,0,0,18,106,217,204,73,9,21,92,187,231,151,39,0,0,0,0,0,0,0,0,0,0,0,0,0,0,0,0,39,175,252,223,151,152,184,240,218,95,18,0,0,0,0,0,0,0,0,0,0,0,0,0,0,0,0,0,40,211,252,248,224,210,158,82,0,0,0,0,0,0,0,0,0,0,0,0,0,0,0,0,0,0,0,0,17,138,155,136,99,69,26,6,0,0,0,0,0,0,0,0,0,0,0,0,0,0,0,0,0,0,0,0,0,6,26,21,10,5,0,0,0,0,0,0,0,0,0,0,0,0,0,0,0,0,0,0,0,0,0,0,0,0,0,0,0,0,0,0,0,0,0,0,0,0,0,0,0,0,0,0,0,0,0,0,0,0,0,0,0,0,0,0,0,0,0,0,0,0,0,0,0,0,0,0,0,0,0,0,0,0,8
0,0,0,0,0,0,0,0,0,0,0,0,0,0,0,0,0,0,0,0,0,0,0,0,0,0,0,0,0,0,0,0,0,0,0,0,0,0,0,0,0,0,0,0,0,0,0,0,0,0,0,0,0,0,0,0,0,0,0,0,0,0,0,0,0,0,0,0,0,0,0,0,0,0,0,0,0,0,0,0,0,0,0,0,0,0,0,0,0,0,0,0,0,0,0,0,0,0,0,0,0,0,0,0,0,0,0,0,0,0,0,0,0,0,0,0,0,0,0,0,0,0,0,0,0,5,17,0,0,0,0,0,0,0,0,0,0,0,0,0,0,0,0,0,0,0,0,0,0,0,8,64,173,236,145,43,60,33,0,0,0,0,0,0,0,0,0,0,0,0,0,0,0,0,0,0,0,5,87,202,245,253,249,179,194,171,137,1,0,0,0,0,0,0,0,0,0,0,0,0,0,0,0,0,0,24,193,251,253,254,254,254,254,253,237,116,17,0,0,0,0,0,0,0,0,0,0,0,0,0,0,0,0,76,223,253,254,254,253,224,183,221,251,222,67,0,0,0,0,0,0,0,0,0,0,0,0,0,0,0,0,96,216,254,254,254,244,138,50,117,214,243,103,0,0,0,0,0,0,0,0,0,0,0,0,0,0,0,0,73,197,254,254,254,205,79,6,88,216,229,110,0,0,0,0,0,0,0,0,0,0,0,0,0,0,0,0,39,153,254,241,160,37,10,48,170,243,200,55,0,0,0,0,0,0,0,0,0,0,0,0,0,0,0,0,12,92,246,245,171,18,49,140,247,238,121,4,0,0,0,0,0,0,0,0,0,0,0,0,0,0,0,0,2,45,230,253,243,160,195,242,249,192,32,0,0,0,0,0,0,0,0,0,0,0,0,0,0,0,0,0,0,9,118,245,254,254,252,237,162,69,6,0,0,0,0,0,0,0,0,0,0,0,0,0,0,0,0,0,0,0,57,218,254,254,244,159,47,5,0,0,0,0,0,0,0,0,0,0,0,0,0,0,0,0,0,0,0,3,98,222,254,254,229,80,0,0,0,0,0,0,0,0,0,0,0,0,0,0,0,0,0,0,0,0,1,49,173,246,254,251,234,109,0,0,0,0,0,0,0,0,0,0,0,0,0,0,0,0,0,0,0,0,12,108,234,228,161,169,241,149,10,0,0,0,0,0,0,0,0,0,0,0,0,0,0,0,0,0,0,0,30,160,241,158,33,95,251,194,20,0,0,0,0,0,0,0,0,0,0,0,0,0,0,0,0,0,0,1,42,219,221,66,6,72,251,206,6,0,0,0,0,0,0,0,0,0,0,0,0,0,0,0,0,0,0,0,57,249,222,29,3,188,251,216,16,0,0,0,0,0,0,0,0,0,0,0,0,0,0,0,0,0,0,0,60,226,240,185,152,236,253,196,36,0,0,0,0,0,0,0,0,0,0,0,0,0,0,0,0,0,0,0,40,163,235,250,243,253,241,122,21,0,0,0,0,0,0,0,0,0,0,0,0,0,0,0,0,0,0,0,8,55,114,170,228,245,152,40,0,0,0,0,0,0,0,0,0,0,0,0,0,0,0,0,0,0,0,0,0,0,13,37,38,10,0,0,0,0,0,0,0,0,0,0,0,0,0,0,0,0,0,0,0,0,0,0,0,0,0,0,0,0,0,0,0,0,0,0,0,0,0,0,0,0,0,0,0,0,0,0,0,0,0,0,0,0,0,0,0,0,0,0,0,0,0,0,0,0,0,0,0,0,0,8
0,0,0,0,0,0,0,0,0,0,0,0,0,0,0,0,0,0,0,0,0,0,0,0,0,0,0,0,0,0,0,0,0,0,0,0,0,0,0,0,0,0,0,0,0,0,0,0,0,0,0,0,0,0,0,0,0,0,0,0,0,0,0,0,0,0,0,0,0,0,0,0,0,0,0,0,0,0,0,0,0,0,0,0,0,0,0,0,0,0,0,0,0,0,0,0,0,0,0,0,0,0,0,1,0,0,0,0,0,0,0,0,0,0,0,0,0,0,0,0,0,0,0,0,0,3,30,89,146,173,116,27,0,0,0,0,0,0,0,0,0,0,0,0,0,0,0,0,0,0,0,0,0,47,148,223,253,249,183,50,0,0,0,0,0,0,0,0,0,0,0,0,0,0,0,0,0,0,1,23,110,227,249,214,180,221,103,2,9,13,1,0,0,0,0,0,0,0,0,0,0,0,0,0,0,2,30,128,229,252,208,108,44,79,19,51,88,124,55,1,0,0,0,0,0,0,0,0,0,0,0,0,0,1,101,222,252,187,52,4,0,61,142,244,249,251,105,12,0,0,0,0,0,0,0,0,0,0,0,0,0,0,158,243,184,44,2,1,58,175,238,252,201,167,65,6,0,0,0,0,0,0,0,0,0,0,0,0,0,0,141,239,171,45,8,36,151,238,245,171,55,20,10,0,0,0,0,0,0,0,0,0,0,0,0,0,0,0,103,230,231,169,94,132,224,231,135,12,0,0,0,0,0,0,0,0,0,0,0,0,0,0,0,0,0,0,43,149,238,249,246,237,248,192,32,0,0,0,0,0,0,0,0,0,0,0,0,0,0,0,0,0,0,0,3,31,106,231,253,253,251,218,13,0,0,0,0,0,0,0,0,0,0,0,0,0,0,0,0,0,0,0,0,0,11,165,244,243,251,247,54,3,0,0,0,0,0,0,0,0,0,0,0,0,0,0,0,0,0,0,0,0,38,193,227,193,231,253,96,6,0,0,0,0,0,0,0,0,0,0,0,0,0,0,0,0,0,0,0,22,132,225,141,115,208,245,125,6,0,0,0,0,0,0,0,0,0,0,0,0,0,0,0,0,0,0,15,97,205,165,40,113,226,221,97,0,0,0,0,0,0,0,0,0,0,0,0,0,0,0,0,0,0,7,76,195,217,83,70,206,244,159,27,0,0,0,0,0,0,0,0,0,0,0,0,0,0,0,0,0,0,37,189,236,126,75,220,252,204,58,0,0,0,0,0,0,0,0,0,0,0,0,0,0,0,0,0,0,0,123,245,183,118,208,253,235,98,10,0,0,0,0,0,0,0,0,0,0,0,0,0,0,0,0,0,0,35,203,252,172,192,245,245,140,27,0,0,0,0,0,0,0,0,0,0,0,0,0,0,0,0,0,0,0,92,217,253,229,238,241,156,35,0,0,0,0,0,0,0,0,0,0,0,0,0,0,0,0,0,0,0,14,118,240,253,251,231,151,36,0,0,0,0,0,0,0,0,0,0,0,0,0,0,0,0,0,0,0,0,26,146,248,231,202,117,35,2,0,0,0,0,0,0,0,0,0,0,0,0,0,0,0,0,0,0,0,0,6,58,175,126,91,19,0,0,0,0,0,0,0,0,0,0,0,0,0,0,0,0,0,0,0,0,0,0,0,4,0,0,0,0,0,0,0,0,0,0,0,0,0,0,0,0,0,0,0,0,0,0,0,0,0,0,0,0,0,0,0,0,0,0,0,0,0,0,0,0,0,0,0,0,0,0,0,8
0,0,0,0,0,0,0,0,0,0,0,0,0,0,0,0,0,0,0,0,0,0,0,0,0,0,0,0,0,0,0,0,0,0,0,0,0,0,0,0,0,0,0,0,0,0,0,0,0,0,0,0,0,0,0,0,0,0,0,0,0,0,0,0,0,0,0,0,0,0,0,0,0,0,0,0,0,0,0,0,0,0,0,0,0,0,0,0,0,0,0,0,0,0,0,0,0,0,0,0,0,0,0,0,0,0,0,0,0,0,0,0,0,0,0,0,0,0,0,0,0,0,0,0,0,26,79,44,4,0,1,0,0,0,0,0,0,0,0,0,0,0,0,0,0,0,0,0,0,19,60,155,221,252,254,185,152,99,44,19,0,0,0,0,0,0,0,0,0,0,0,0,0,0,0,0,1,92,178,236,252,252,252,251,241,235,211,131,61,11,0,0,0,0,0,0,0,0,0,0,0,0,0,0,56,193,250,252,252,248,232,221,230,251,249,235,183,51,0,0,0,0,0,0,0,0,0,0,0,0,0,16,116,248,252,250,234,169,133,101,98,188,241,252,251,82,3,0,0,0,0,0,0,0,0,0,0,0,0,6,90,252,251,245,131,6,0,0,7,40,190,247,252,118,19,0,0,0,0,0,0,0,0,0,0,0,0,0,68,222,252,230,69,0,0,0,38,134,233,251,236,121,16,0,0,0,0,0,0,0,0,0,0,0,0,0,51,186,252,237,138,37,6,31,134,225,251,236,161,52,3,0,0,0,0,0,0,0,0,0,0,0,0,0,34,150,250,249,231,176,70,111,221,251,249,182,54,0,0,0,0,0,0,0,0,0,0,0,0,0,0,0,16,100,217,250,251,242,198,220,252,252,250,35,0,0,0,0,0,0,0,0,0,0,0,0,0,0,0,0,0,0,86,211,248,252,252,252,253,223,67,2,0,0,0,0,0,0,0,0,0,0,0,0,0,0,0,0,0,0,0,115,221,252,252,252,253,168,36,0,0,0,0,0,0,0,0,0,0,0,0,0,0,0,0,0,0,0,3,90,216,252,252,252,252,200,84,1,0,0,0,0,0,0,0,0,0,0,0,0,0,0,0,0,0,0,26,142,241,252,248,236,252,243,186,24,0,0,0,0,0,0,0,0,0,0,0,0,0,0,0,0,0,4,63,226,251,232,91,139,238,252,249,138,10,0,0,0,0,0,0,0,0,0,0,0,0,0,0,0,0,0,75,236,252,222,34,26,161,237,252,182,43,0,0,0,0,0,0,0,0,0,0,0,0,0,0,0,0,0,58,201,252,229,91,39,142,235,252,191,55,0,0,0,0,0,0,0,0,0,0,0,0,0,0,0,0,0,41,162,249,248,224,200,222,252,249,172,13,0,0,0,0,0,0,0,0,0,0,0,0,0,0,0,0,0,19,92,195,248,251,252,252,252,241,126,0,0,0,0,0,0,0,0,0,0,0,0,0,0,0,0,0,0,0,6,63,153,248,251,252,252,163,25,0,0,0,0,0,0,0,0,0,0,0,0,0,0,0,0,0,0,0,0,0,29,100,201,178,126,46,3,0,0,0,0,0,0,0,0,0,0,0,0,0,0,0,0,0,0,0,0,0,0,9,0,0,0,0,0,0,0,0,0,0,0,0,0,0,0,0,0,0,0,0,0,0,0,0,0,0,0,0,0,0,0,0,0,0,0,0,0,0,0,0,0,0,0,0,0,0,0,0,0,0,0,0,0,0,0,0,0,0,0,0,0,0,0,0,0,0,0,0,0,8
0,0,0,0,0,0,0,0,0,0,0,0,0,0,0,0,0,0,0,0,0,0,0,0,0,0,0,0,0,0,0,0,0,0,0,0,0,0,0,0,0,0,0,0,0,0,0,0,0,0,0,0,0,0,0,0,0,0,0,0,0,0,0,0,0,0,0,0,0,0,0,0,0,0,0,0,0,0,0,0,0,0,0,0,0,0,0,0,0,0,0,0,0,0,0,0,0,0,0,0,0,0,0,0,0,0,0,0,0,0,0,0,0,0,0,0,0,0,0,0,0,0,0,0,0,3,0,0,0,0,0,0,0,0,0,0,0,0,0,0,0,0,0,0,0,0,0,0,0,31,97,147,123,52,28,0,0,0,0,0,0,0,0,0,0,0,0,0,0,0,0,0,0,0,8,60,152,253,253,251,242,235,148,36,3,0,0,0,0,0,0,0,0,0,0,0,0,0,0,0,0,0,64,172,234,252,253,252,253,249,244,148,47,0,0,0,0,0,0,0,0,0,0,0,0,0,0,0,0,28,179,245,253,249,196,143,121,178,243,234,154,0,0,0,0,0,0,0,0,0,0,0,0,0,0,0,17,128,244,245,202,106,37,24,15,37,220,253,232,0,0,0,0,0,0,0,0,0,0,0,0,0,0,0,39,224,251,226,74,5,0,0,0,37,227,252,188,34,5,0,0,0,0,0,0,0,0,0,0,0,0,0,99,244,252,206,35,0,0,0,19,150,241,253,229,152,84,52,9,1,0,0,0,0,0,0,0,0,0,0,132,235,246,196,69,0,14,52,137,236,252,252,251,250,238,191,150,69,0,0,0,0,0,0,0,0,0,0,71,141,162,215,166,99,118,166,225,252,253,252,253,252,243,247,244,178,52,11,0,0,0,0,0,0,0,0,11,26,25,185,246,229,253,252,253,252,239,166,93,82,143,181,230,248,185,71,0,0,0,0,0,0,0,0,0,0,0,75,163,229,252,252,234,211,143,35,0,5,0,75,213,253,236,144,0,0,0,0,0,0,0,0,0,0,0,0,38,133,232,238,151,43,0,0,0,0,0,33,209,253,248,174,0,0,0,0,0,0,0,0,0,0,0,0,8,89,251,227,77,0,0,0,0,0,0,36,211,252,253,135,18,0,0,0,0,0,0,0,0,0,0,0,2,118,248,253,73,7,0,0,0,0,0,114,230,252,249,112,4,0,0,0,0,0,0,0,0,0,0,0,0,92,210,251,147,42,0,0,0,0,33,173,253,253,218,73,0,0,0,0,0,0,0,0,0,0,0,0,0,26,117,227,225,148,26,25,43,101,208,252,253,248,169,8,0,0,0,0,0,0,0,0,0,0,0,0,0,1,27,133,240,246,223,182,156,209,248,252,253,208,48,0,0,0,0,0,0,0,0,0,0,0,0,0,0,0,0,33,136,216,249,250,252,252,253,239,208,115,12,0,0,0,0,0,0,0,0,0,0,0,0,0,0,0,0,0,13,77,148,210,204,213,208,135,92,36,0,0,0,0,0,0,0,0,0,0,0,0,0,0,0,0,0,0,0,5,19,18,67,74,42,0,0,0,0,0,0,0,0,0,0,0,0,0,0,0,0,0,0,0,0,0,0,0,0,0,0,0,0,0,0,0,0,0,0,0,0,0,0,0,0,0,0,0,0,0,0,0,0,0,0,0,0,0,0,0,0,0,0,0,0,0,0,0,0,0,0,0,0,0,0,0,0,0,0,0,0,0,0,0,0,0,0,0,0,0,0,0,0,0,0,0,0,0,8
0,0,0,0,0,0,0,0,0,0,0,0,0,0,0,0,0,0,0,0,0,0,0,0,0,0,0,0,0,0,0,0,0,0,0,0,0,0,0,0,0,0,0,0,0,0,0,0,0,0,0,0,0,0,0,0,0,0,0,0,0,0,0,0,0,0,0,0,0,0,0,0,0,0,0,0,0,0,0,0,0,0,0,0,0,0,0,0,0,0,0,0,0,0,0,0,0,0,0,0,0,0,0,0,0,0,0,0,0,0,0,0,0,0,0,0,0,0,0,0,0,0,0,0,0,0,0,0,0,0,0,0,0,0,0,0,0,0,0,0,0,0,0,0,0,0,0,0,0,0,0,0,0,0,0,0,0,0,0,0,0,0,0,0,0,0,0,0,0,0,0,0,0,0,0,0,0,0,0,0,0,0,0,0,0,0,0,0,0,0,0,0,0,0,0,0,0,0,0,0,0,0,0,0,0,0,0,0,0,4,8,11,38,41,8,17,92,55,0,0,0,0,0,0,0,0,0,0,0,0,0,0,0,0,0,0,5,60,144,189,173,174,101,78,197,143,0,0,0,0,0,0,0,0,0,0,0,0,0,0,0,0,4,52,113,208,247,249,251,246,105,138,189,83,0,0,0,0,0,0,0,0,0,0,0,0,0,0,0,31,119,199,232,238,252,252,252,252,92,59,87,19,0,0,0,0,0,0,0,0,0,0,0,0,0,0,29,131,224,190,154,132,108,201,249,206,67,0,0,0,0,0,0,0,0,0,0,0,0,0,0,0,0,0,124,223,155,69,55,72,160,229,241,117,5,0,0,0,0,0,0,0,0,0,0,0,0,0,0,0,0,19,213,251,184,91,163,236,246,250,235,57,0,0,0,0,0,0,0,0,0,0,0,0,0,0,0,0,0,55,202,252,243,217,243,222,173,226,212,0,0,0,0,0,0,0,0,0,0,0,0,0,0,0,0,0,0,29,140,223,205,161,135,74,98,186,126,1,9,22,0,0,0,0,0,0,0,0,0,0,0,0,0,0,0,0,34,42,39,29,7,43,170,159,53,70,134,70,0,0,0,0,0,0,0,0,0,0,0,0,0,0,0,0,0,0,0,0,0,136,238,92,15,165,206,59,0,0,0,0,0,0,0,0,0,0,0,0,0,0,0,0,0,0,0,0,38,165,191,14,8,140,102,3,0,0,0,0,0,0,0,0,0,0,0,0,0,0,0,0,0,0,0,10,124,213,109,3,0,10,13,0,0,0,0,0,0,0,0,0,0,0,0,0,0,0,0,0,0,0,0,74,203,193,56,0,0,0,0,0,0,0,0,0,0,0,0,0,0,0,0,0,0,0,0,0,0,0,11,186,250,83,7,0,0,0,0,0,0,0,0,0,0,0,0,0,0,0,0,0,0,0,0,0,0,0,67,203,161,18,0,0,0,0,0,0,0,0,0,0,0,0,0,0,0,0,0,0,0,0,0,0,0,0,121,164,57,1,0,0,0,0,0,0,0,0,0,0,0,0,0,0,0,0,0,0,0,0,0,0,0,0,176,151,34,0,0,0,0,0,0,0,0,0,0,0,0,0,0,0,0,0,0,0,0,0,0,0,0,6,97,74,0,0,0,0,60,7,0,0,0,0,0,0,0,0,0,0,0,0,0,0,0,0,0,0,0,0,0,0,0,0,0,29,157,0,0,0,0,0,0,0,0,0,0,0,0,0,0,0,0,0,0,0,0,0,0,0,0,0,0,0,12,0,0,0,0,0,0,0,0,0,0,0,9
0,0,0,0,0,0,0,0,0,0,0,0,0,0,0,0,0,0,0,0,0,0,0,0,0,0,0,0,0,0,0,0,0,0,0,0,0,0,0,0,0,0,0,0,0,0,0,0,0,0,0,0,0,0,0,0,0,0,0,0,0,0,0,0,0,0,0,0,0,0,0,0,0,0,0,0,0,0,0,0,0,0,0,0,0,0,0,0,0,0,0,0,0,0,0,0,0,0,0,0,0,0,0,0,0,0,0,0,0,0,0,0,0,0,0,0,0,0,0,0,0,0,0,0,0,0,0,0,0,0,0,0,0,0,0,0,0,0,0,0,0,0,0,0,0,0,0,0,0,0,0,0,0,0,0,0,0,0,0,0,0,0,0,0,0,0,0,0,0,0,0,0,0,0,0,0,0,0,0,0,8,24,10,0,0,0,0,0,0,0,0,0,0,0,0,0,0,0,0,0,0,0,0,0,0,0,0,48,101,148,195,197,158,105,52,0,0,0,0,0,0,0,0,0,0,0,0,0,0,0,0,0,0,0,50,184,232,234,251,243,238,247,251,146,25,0,0,0,0,0,0,0,0,0,0,0,0,0,0,0,0,30,173,245,197,123,71,80,95,165,240,231,31,52,60,4,0,0,0,0,0,0,0,0,0,0,0,0,7,102,233,188,72,0,1,6,3,49,182,222,134,187,196,14,0,0,0,0,0,0,0,0,0,0,0,0,3,120,232,177,58,13,0,5,22,71,170,249,235,247,177,19,0,0,0,0,0,0,0,0,0,0,0,0,0,59,194,225,162,109,84,135,152,188,238,254,252,185,85,5,0,0,0,0,0,0,0,0,0,0,0,0,0,3,60,143,214,240,238,241,235,251,254,254,199,65,6,0,0,0,0,0,0,0,0,0,0,0,0,0,0,0,4,31,96,124,139,112,163,253,251,175,59,5,0,0,0,0,0,0,0,0,0,0,0,0,0,0,0,0,0,0,0,1,36,105,187,237,176,42,0,0,0,0,0,0,0,0,0,0,0,0,0,0,0,0,0,0,0,0,0,46,134,209,227,155,49,3,0,0,0,0,0,0,0,0,0,0,0,0,0,0,0,0,0,0,0,0,33,157,230,216,129,38,0,0,0,0,0,0,0,0,0,0,0,0,0,0,0,0,0,0,0,0,0,25,187,249,235,111,20,1,0,0,0,0,0,0,0,0,0,0,0,0,0,0,0,0,0,0,0,11,63,155,242,224,95,16,0,0,0,0,0,0,0,0,0,0,0,0,0,0,0,0,0,0,0,4,29,106,188,226,167,59,12,0,0,0,0,0,0,0,0,0,0,0,0,0,0,0,0,0,0,1,27,59,175,227,220,135,40,2,0,0,0,0,0,0,0,0,0,0,0,0,0,0,0,0,0,7,78,124,150,213,248,213,105,25,1,0,0,0,0,0,0,0,0,0,0,0,0,0,0,0,0,0,24,140,223,240,246,223,159,59,0,0,0,0,0,0,0,0,0,0,0,0,0,0,0,0,0,0,0,0,32,157,236,204,160,70,11,3,0,0,0,0,0,0,0,0,0,0,0,0,0,0,0,0,0,0,0,0,0,13,60,69,32,0,0,0,0,0,0,0,0,0,0,0,0,0,0,0,0,0,0,0,0,0,0,0,0,0,0,0,0,0,0,0,0,0,0,0,0,0,0,0,0,0,0,0,0,0,0,0,0,0,0,0,0,0,0,0,0,0,0,0,0,0,0,0,0,0,0,0,0,0,0,0,0,0,0,0,0,0,9
0,0,0,0,0,0,0,0,0,0,0,0,0,0,0,0,0,0,0,0,0,0,0,0,0,0,0,0,0,0,0,0,0,0,0,0,0,0,0,0,0,0,0,0,0,0,0,0,0,0,0,0,0,0,0,0,0,0,0,0,0,0,0,0,0,0,0,0,0,0,0,0,0,0,0,0,0,0,0,0,0,0,0,0,0,0,0,0,0,0,0,0,0,0,0,0,0,0,0,0,0,0,0,0,0,0,0,0,0,0,0,0,0,0,0,0,0,0,0,0,0,0,0,0,0,0,0,0,0,0,0,0,0,0,0,0,0,0,0,0,0,0,0,0,0,0,0,0,0,0,0,0,0,0,0,0,0,0,0,0,0,0,0,0,0,0,0,0,0,0,0,0,0,0,0,0,0,0,0,0,0,5,3,19,69,80,73,35,0,0,0,0,0,0,0,0,0,0,0,0,0,0,0,0,0,0,0,0,43,69,136,203,208,207,241,217,140,36,3,0,0,0,0,0,0,0,0,0,0,0,0,0,0,0,16,94,175,242,251,252,252,252,252,252,247,191,48,2,0,0,0,0,0,0,0,0,0,0,0,3,18,89,177,218,245,252,252,252,244,216,218,250,252,238,122,0,0,0,0,0,0,0,0,0,0,0,8,50,148,229,249,252,251,244,228,166,113,91,134,239,252,238,148,5,0,0,0,0,0,0,0,0,0,4,61,180,245,252,252,242,214,158,63,27,28,51,140,242,252,246,145,16,0,0,0,0,0,0,0,0,0,26,172,241,251,252,219,148,87,24,19,71,129,182,234,254,253,252,126,18,0,0,0,0,0,0,0,0,2,55,252,252,252,238,87,57,76,83,193,213,236,249,252,252,252,252,90,10,0,0,0,0,0,0,0,0,7,76,239,251,251,237,150,171,233,252,250,252,252,252,252,252,252,239,47,2,0,0,0,0,0,0,0,0,3,49,164,236,253,251,245,248,250,251,252,252,252,252,252,249,213,103,14,0,0,0,0,0,0,0,0,0,0,0,30,126,206,218,203,198,223,246,253,252,252,251,241,199,86,14,0,0,0,0,0,0,0,0,0,0,0,0,0,0,19,56,74,109,179,234,252,252,252,213,146,51,9,0,0,0,0,0,0,0,0,0,0,0,0,0,0,0,0,0,81,159,233,252,252,242,189,87,15,0,0,0,0,0,0,0,0,0,0,0,0,0,0,0,0,0,15,133,207,251,252,252,252,178,57,9,0,0,0,0,0,0,0,0,0,0,0,0,0,0,0,0,2,9,75,236,250,252,251,240,157,48,0,0,0,0,0,0,0,0,0,0,0,0,0,0,0,0,0,23,50,112,210,252,252,252,243,161,22,1,0,0,0,0,0,0,0,0,0,0,0,0,0,0,0,0,0,103,211,249,249,252,245,229,199,98,0,0,0,0,0,0,0,0,0,0,0,0,0,0,0,0,0,0,0,112,231,252,252,240,190,123,37,3,0,0,0,0,0,0,0,0,0,0,0,0,0,0,0,0,0,0,0,12,187,251,236,129,67,10,0,0,0,0,0,0,0,0,0,0,0,0,0,0,0,0,0,0,0,0,0,0,0,11,47,17,0,0,0,0,0,0,0,0,0,0,0,0,0,0,0,0,0,0,0,0,0,0,0,0,0,0,0,0,0,0,0,0,0,0,0,0,0,0,0,0,0,0,0,0,0,0,0,0,0,0,0,0,0,0,0,0,0,0,0,0,0,0,0,0,0,0,0,0,0,0,0,0,0,0,9
0,0,0,0,0,0,0,0,0,0,0,0,0,0,0,0,0,0,0,0,0,0,0,0,0,0,0,0,0,0,0,0,0,0,0,0,0,0,0,0,0,0,0,0,0,0,0,0,0,0,0,0,0,0,0,0,0,0,0,0,0,0,0,0,0,0,0,0,0,0,0,0,0,0,0,0,0,0,0,0,0,0,0,0,0,0,0,0,0,0,0,0,0,0,0,0,0,0,0,0,0,0,0,0,0,0,0,0,0,0,0,0,0,0,0,0,0,0,0,0,0,0,0,0,0,0,0,0,0,0,0,0,0,0,0,0,0,0,0,0,0,0,0,0,0,0,0,0,0,0,0,0,25,34,3,0,0,0,0,0,0,0,0,0,0,0,0,0,0,0,0,0,0,0,0,0,0,0,0,62,143,239,254,127,8,0,0,0,0,0,0,0,0,0,0,0,0,0,0,0,0,0,0,0,0,2,39,188,226,179,140,229,109,0,0,0,0,0,0,0,0,0,0,0,0,0,0,0,0,0,0,0,0,39,152,210,107,6,38,186,179,16,0,0,0,0,0,0,0,0,0,0,0,0,0,0,0,0,0,0,11,108,216,138,11,0,10,118,207,79,5,6,0,0,0,0,0,0,0,0,0,0,0,0,0,0,0,0,54,177,170,57,1,0,0,70,184,122,69,65,10,0,0,0,0,0,0,0,0,0,0,0,0,0,0,0,95,216,106,13,0,0,0,29,167,149,187,168,44,0,0,0,0,0,0,0,0,0,0,0,0,0,0,0,129,237,71,6,0,0,0,9,128,195,233,141,31,0,0,0,0,0,0,0,0,0,0,0,0,0,0,0,62,242,117,31,16,0,0,1,54,235,227,56,5,0,0,0,0,0,0,0,0,0,0,0,0,0,0,0,19,129,185,140,106,18,7,68,138,250,155,0,0,0,0,0,0,0,0,0,0,0,0,0,0,0,0,0,3,31,109,188,220,238,229,219,235,223,71,0,0,0,0,0,0,0,0,0,0,0,0,0,0,0,0,0,0,0,9,41,75,95,88,112,189,183,29,0,0,0,0,0,0,0,0,0,0,0,0,0,0,0,0,0,0,0,0,0,0,0,7,77,183,134,11,0,0,0,0,0,0,0,0,0,0,0,0,0,0,0,0,0,0,0,0,0,0,0,0,111,204,90,0,0,0,0,0,0,0,0,0,0,0,0,0,0,0,0,0,0,0,0,0,0,0,0,5,159,212,58,0,0,0,0,0,0,0,0,0,0,0,0,0,0,0,0,0,0,0,0,0,0,0,0,14,218,176,23,0,0,0,0,0,0,0,0,0,0,0,0,0,0,0,0,0,0,0,0,0,0,0,0,26,250,127,0,0,0,0,0,0,0,0,0,0,0,0,0,0,0,0,0,0,0,0,0,0,0,0,19,121,224,72,0,0,0,0,0,0,0,0,0,0,0,0,0,0,0,0,0,0,0,0,0,0,0,1,66,200,171,19,0,0,0,0,0,0,0,0,0,0,0,0,0,0,0,0,0,0,0,0,0,0,0,4,122,237,127,1,0,0,0,0,0,0,0,0,0,0,0,0,0,0,0,0,0,0,0,0,0,0,0,4,153,175,59,0,0,0,0,0,0,0,0,0,0,0,0,0,0,0,0,0,0,0,0,0,0,0,0,0,9,26,9,0,0,0,0,0,0,0,0,0,0,0,0,0,0,0,0,0,0,0,0,0,0,0,0,0,0,0,0,0,0,0,0,0,0,0,0,0,0,0,0,9
0,0,0,0,0,0,0,0,0,0,0,0,0,0,0,0,0,0,0,0,0,0,0,0,0,0,0,0,0,0,0,0,0,0,0,0,0,0,0,0,0,0,0,0,0,0,0,0,0,0,0,0,0,0,0,0,0,0,0,0,0,0,0,0,0,0,0,0,0,0,0,0,0,0,0,0,0,0,0,0,0,0,0,0,0,0,0,0,0,0,0,0,0,0,0,0,0,0,0,0,0,0,0,0,0,0,0,0,0,0,0,0,0,0,0,0,0,0,0,0,0,0,0,0,0,0,0,0,0,0,0,0,0,0,0,0,0,0,0,0,0,0,0,0,0,0,0,0,0,0,0,0,0,0,0,0,0,0,0,0,0,0,0,0,0,0,0,0,0,0,0,0,0,0,0,0,0,0,0,0,1,4,0,0,0,0,0,0,0,0,0,0,0,0,0,0,0,0,0,0,0,0,0,0,0,0,0,14,34,81,168,211,193,101,11,0,0,0,0,0,0,0,0,0,0,0,0,0,0,0,0,0,0,0,24,101,190,236,251,224,226,164,40,0,0,0,0,0,0,0,0,0,0,0,0,0,0,0,0,0,0,6,107,216,239,197,107,69,182,170,93,82,35,1,0,0,0,0,0,0,0,0,0,0,0,0,0,0,0,34,188,251,162,41,2,64,200,225,204,206,79,5,0,0,0,0,0,0,0,0,0,0,0,0,0,0,0,46,197,249,211,166,175,217,245,253,253,202,59,4,0,0,0,0,0,0,0,0,0,0,0,0,0,0,0,12,115,200,225,243,241,190,240,252,204,86,11,0,0,0,0,0,0,0,0,0,0,0,0,0,0,0,0,0,2,41,47,52,22,150,246,251,101,7,0,0,0,0,0,0,0,0,0,0,0,0,0,0,0,0,0,0,0,0,0,2,48,241,249,156,18,0,0,0,0,0,0,0,0,0,0,0,0,0,0,0,0,0,0,0,0,0,2,32,201,246,180,36,0,0,0,0,0,0,0,0,0,0,0,0,0,0,0,0,0,0,0,0,0,0,28,147,248,207,69,1,0,0,0,0,0,0,0,0,0,0,0,0,0,0,0,0,0,0,0,0,0,5,72,222,227,124,9,0,0,0,0,0,0,0,0,0,0,0,0,0,0,0,0,0,0,0,0,0,0,40,155,248,163,27,0,0,0,0,0,0,0,0,0,0,0,0,0,0,0,0,0,0,0,0,0,0,6,95,214,207,88,1,0,0,0,0,0,0,0,0,0,0,0,0,0,0,0,0,0,0,0,0,0,0,44,173,249,135,24,0,0,0,0,0,0,0,0,0,0,0,0,0,0,0,0,0,0,0,0,0,0,3,121,225,207,68,2,0,0,0,0,0,0,0,0,0,0,0,0,0,0,0,0,0,0,0,0,0,0,49,200,242,112,18,0,0,0,0,0,0,0,0,0,0,0,0,0,0,0,0,0,0,0,0,0,0,0,149,239,180,33,1,0,0,0,0,0,0,0,0,0,0,0,0,0,0,0,0,0,0,0,0,0,0,1,205,235,83,6,0,0,0,0,0,0,0,0,0,0,0,0,0,0,0,0,0,0,0,0,0,0,0,18,226,153,0,0,0,0,0,0,0,0,0,0,0,0,0,0,0,0,0,0,0,0,0,0,0,0,1,28,144,35,0,0,0,0,0,0,0,0,0,0,0,0,0,0,0,0,0,0,0,0,0,0,0,0,0,0,0,0,0,0,0,0,0,0,0,0,0,0,0,0,0,0,0,0,0,9
0,0,0,0,0,0,0,0,0,0,0,0,0,0,0,0,0,0,0,0,0,0,0,0,0,0,0,0,0,0,0,0,0,0,0,0,0,0,0,0,0,0,0,0,0,0,0,0,0,0,0,0,0,0,0,0,0,0,0,0,0,0,0,0,0,0,0,0,0,0,0,0,0,0,0,0,0,0,0,0,0,0,0,0,0,0,0,0,0,0,0,0,0,0,0,0,0,0,0,0,0,0,0,0,0,0,0,0,0,0,0,0,0,0,0,0,0,0,0,0,0,0,0,0,0,0,0,0,0,0,0,0,0,0,0,0,0,0,0,0,0,0,0,0,0,0,0,0,0,0,0,0,0,0,6,1,0,0,0,0,0,0,0,0,0,0,0,0,0,0,0,0,0,0,0,0,0,0,1,71,191,241,112,22,0,0,0,0,0,0,0,0,0,0,0,0,0,0,0,0,0,0,0,0,0,0,72,183,165,130,166,77,0,0,0,0,0,0,0,0,0,0,0,0,0,0,0,0,0,0,0,0,0,13,123,156,41,4,32,44,2,0,0,0,0,0,0,0,0,0,0,0,0,0,0,0,0,0,0,0,0,28,123,118,3,0,90,148,11,0,0,0,0,0,0,0,0,0,0,0,0,0,0,0,0,0,0,0,0,27,114,120,0,0,67,171,39,0,0,0,0,0,0,0,0,0,0,0,0,0,0,0,0,0,0,0,0,17,97,135,0,0,50,204,96,0,0,0,0,0,0,0,0,0,0,0,0,0,0,0,0,0,0,0,0,11,94,150,0,6,79,239,130,0,0,0,0,0,0,0,0,0,0,0,0,0,0,0,0,0,0,0,0,5,90,206,11,5,131,243,193,0,0,0,0,0,0,0,0,0,0,0,0,0,0,0,0,0,0,0,0,0,37,195,10,0,239,178,163,9,0,0,0,0,0,0,0,0,0,0,0,0,0,0,0,0,0,0,0,0,8,165,139,128,182,125,128,18,0,0,0,0,0,0,0,0,0,0,0,0,0,0,0,0,0,0,0,0,1,48,150,189,67,96,139,34,0,0,0,0,0,0,0,0,0,0,0,0,0,0,0,0,0,0,0,0,0,3,19,10,0,70,148,55,0,0,0,0,0,0,0,0,0,0,0,0,0,0,0,0,0,0,0,0,0,0,0,0,0,69,167,82,0,0,0,0,0,0,0,0,0,0,0,0,0,0,0,0,0,0,0,0,0,0,0,0,0,52,150,95,0,0,0,0,0,0,0,0,0,0,0,0,0,0,0,0,0,0,0,0,0,0,0,0,0,49,145,111,0,0,0,0,0,0,0,0,0,0,0,0,0,0,0,0,0,0,0,0,0,0,0,0,0,30,127,138,0,0,0,0,0,0,0,0,0,0,0,0,0,0,0,0,0,0,0,0,0,0,0,0,0,13,93,165,4,0,0,0,0,0,0,0,0,0,0,0,0,0,0,0,0,0,0,0,0,0,0,0,0,8,83,208,13,0,0,0,0,0,0,0,0,0,0,0,0,0,0,0,0,0,0,0,0,0,0,0,0,3,56,225,15,0,0,0,0,0,0,0,0,0,0,0,0,0,0,0,0,0,0,0,0,0,0,0,0,0,0,175,15,0,0,0,0,0,0,0,0,0,0,0,0,0,0,0,0,0,0,0,0,0,0,0,0,0,0,0,0,0,0,0,0,0,0,0,0,0,0,0,0,0,0,0,0,0,0,0,0,0,0,0,0,0,0,0,0,0,0,0,0,0,0,0,0,0,9
0,0,0,0,0,0,0,0,0,0,0,0,0,0,0,0,0,0,0,0,0,0,0,0,0,0,0,0,0,0,0,0,0,0,0,0,0,0,0,0,0,0,0,0,0,0,0,0,0,0,0,0,0,0,0,0,0,0,0,0,0,0,0,0,0,0,0,0,0,0,0,0,0,0,0,0,0,0,0,0,0,0,0,0,0,0,0,0,0,0,0,0,0,0,0,0,0,0,0,0,0,0,0,0,0,0,0,0,0,0,0,0,0,0,0,0,0,0,0,0,0,0,0,0,0,0,0,0,0,0,0,0,0,0,0,0,0,0,0,0,0,0,0,0,0,0,0,0,0,0,0,0,0,3,31,23,0,0,0,0,0,0,0,0,0,0,0,0,0,0,0,0,0,0,0,0,0,0,15,112,203,252,227,136,56,0,0,0,0,0,0,0,0,0,0,0,0,0,0,0,0,0,0,0,0,25,99,216,249,252,242,248,179,23,0,0,0,0,0,0,0,0,0,0,0,0,0,0,0,0,0,0,0,112,205,244,201,91,149,235,213,52,0,0,0,0,0,0,0,0,0,0,0,0,0,0,0,0,0,0,21,180,251,185,65,2,132,238,195,94,52,20,0,0,0,0,0,0,0,0,0,0,0,0,0,0,0,0,79,210,253,153,24,31,145,225,204,188,196,162,63,0,0,0,0,0,0,0,0,0,0,0,0,0,0,5,97,234,242,140,4,1,30,119,211,253,253,223,112,0,0,0,0,0,0,0,0,0,0,0,0,0,0,1,55,205,242,159,5,0,29,120,222,253,248,190,21,0,0,0,0,0,0,0,0,0,0,0,0,0,0,0,17,143,251,229,175,175,221,252,253,252,240,93,1,0,0,0,0,0,0,0,0,0,0,0,0,0,0,0,0,47,161,212,230,243,233,227,249,253,187,33,0,0,0,0,0,0,0,0,0,0,0,0,0,0,0,0,0,0,33,63,50,62,45,138,234,244,111,13,0,0,0,0,0,0,0,0,0,0,0,0,0,0,0,0,0,0,0,0,0,3,3,137,237,210,71,2,0,0,0,0,0,0,0,0,0,0,0,0,0,0,0,0,0,0,0,0,0,0,70,199,253,177,43,0,0,0,0,0,0,0,0,0,0,0,0,0,0,0,0,0,0,0,0,0,0,1,75,220,244,153,16,0,0,0,0,0,0,0,0,0,0,0,0,0,0,0,0,0,0,0,0,0,0,33,183,253,230,104,2,0,0,0,0,0,0,0,0,0,0,0,0,0,0,0,0,0,0,0,0,0,2,43,239,252,220,43,0,0,0,0,0,0,0,0,0,0,0,0,0,0,0,0,0,0,0,0,0,0,0,129,249,253,158,14,0,0,0,0,0,0,0,0,0,0,0,0,0,0,0,0,0,0,0,0,0,0,7,177,247,240,87,9,0,0,0,0,0,0,0,0,0,0,0,0,0,0,0,0,0,0,0,0,0,0,88,217,252,163,36,0,0,0,0,0,0,0,0,0,0,0,0,0,0,0,0,0,0,0,0,0,0,0,120,240,248,131,15,0,0,0,0,0,0,0,0,0,0,0,0,0,0,0,0,0,0,0,0,0,0,0,97,242,221,93,0,0,0,0,0,0,0,0,0,0,0,0,0,0,0,0,0,0,0,0,0,0,0,0,21,45,12,0,0,0,0,0,0,0,0,0,0,0,0,0,0,0,0,0,0,0,0,0,0,0,0,0,0,0,0,0,0,0,0,0,0,0,0,0,0,0,0,0,9
0,0,0,0,0,0,0,0,0,0,0,0,0,0,0,0,0,0,0,0,0,0,0,0,0,0,0,0,0,0,0,0,0,0,0,0,0,0,0,0,0,0,0,0,0,0,0,0,0,0,0,0,0,0,0,0,0,0,0,0,0,0,0,0,0,0,0,0,0,0,0,0,0,0,0,0,0,0,0,0,0,0,0,0,0,0,0,0,0,0,0,0,0,0,0,0,0,0,0,0,0,0,0,0,0,0,0,0,0,0,0,0,0,0,0,0,0,0,0,0,0,0,0,0,0,0,0,0,0,0,0,0,0,0,0,0,0,0,0,0,0,0,0,0,0,0,0,0,0,0,0,0,0,0,0,0,0,0,0,0,0,0,0,0,0,0,0,0,0,0,0,0,0,0,0,0,0,0,0,0,0,4,39,57,30,0,0,0,0,0,0,0,0,0,0,0,0,0,0,0,0,0,0,0,0,0,0,6,61,179,208,202,156,10,0,0,0,0,0,0,0,0,0,0,0,0,0,0,0,0,0,0,0,0,0,63,156,251,232,214,246,38,1,0,0,0,0,0,0,0,0,0,0,0,0,0,0,0,0,0,0,0,30,167,235,194,116,100,193,70,3,0,0,0,0,0,0,0,0,0,0,0,0,0,0,0,0,0,0,0,79,204,154,31,3,61,136,54,0,0,0,0,0,0,0,0,0,0,0,0,0,0,0,0,0,0,0,10,118,193,84,1,29,138,164,115,23,0,0,0,0,0,0,0,0,0,0,0,0,0,0,0,0,0,0,35,158,167,25,2,55,150,155,208,68,0,0,0,0,0,0,0,0,0,0,0,0,0,0,0,0,0,0,37,210,130,2,0,6,57,190,248,93,0,0,0,0,0,0,0,0,0,0,0,0,0,0,0,0,0,0,40,241,73,3,0,63,192,227,240,104,12,0,0,0,0,0,0,0,0,0,0,0,0,0,0,0,0,0,70,208,157,136,168,237,226,145,185,94,6,0,0,0,0,0,0,0,0,0,0,0,0,0,0,0,0,0,26,149,226,236,245,228,124,32,116,120,8,0,0,0,0,0,0,0,0,0,0,0,0,0,0,0,0,0,0,57,148,195,168,65,0,0,75,155,11,0,0,0,0,0,0,0,0,0,0,0,0,0,0,0,0,0,0,8,37,54,25,0,0,1,49,200,13,0,0,0,0,0,0,0,0,0,0,0,0,0,0,0,0,0,0,0,0,0,0,0,0,0,30,238,24,0,0,0,0,0,0,0,0,0,0,0,0,0,0,0,0,0,0,0,0,0,0,0,0,0,26,201,64,3,0,0,0,0,0,0,0,0,0,0,0,0,0,0,0,0,0,0,0,0,0,0,0,0,25,146,78,0,0,0,0,0,0,0,0,0,0,0,0,0,0,0,0,0,0,0,0,0,0,0,0,0,22,115,110,1,0,0,0,0,0,0,0,0,0,0,0,0,0,0,0,0,0,0,0,0,0,0,0,0,19,118,182,11,0,0,0,0,0,0,0,0,0,0,0,0,0,0,0,0,0,0,0,0,0,0,0,0,13,128,231,14,0,0,0,0,0,0,0,0,0,0,0,0,0,0,0,0,0,0,0,0,0,0,0,0,0,105,213,26,0,0,0,0,0,0,0,0,0,0,0,0,0,0,0,0,0,0,0,0,0,0,0,0,0,32,43,3,0,0,0,0,0,0,0,0,0,0,0,0,0,0,0,0,0,0,0,0,0,0,0,0,0,0,0,0,0,0,0,0,0,0,0,9
0,0,0,0,0,0,0,0,0,0,0,0,0,0,0,0,0,0,0,0,0,0,0,0,0,0,0,0,0,0,0,0,0,0,0,0,0,0,0,0,0,0,0,0,0,0,0,0,0,0,0,0,0,0,0,0,0,0,0,0,0,0,0,0,0,0,0,0,0,0,0,0,0,0,0,0,0,0,0,0,0,0,0,0,0,0,0,0,0,0,0,0,0,0,0,0,0,0,0,0,0,0,0,0,0,0,0,0,0,0,0,0,0,0,0,0,0,0,0,0,0,0,0,0,0,0,0,0,0,0,1,0,0,0,0,0,0,0,0,0,0,0,0,0,0,0,0,0,0,0,0,0,0,11,61,123,137,87,27,2,0,0,0,0,0,0,0,0,0,0,0,0,0,0,0,0,0,0,0,4,50,133,211,248,239,216,123,20,0,0,0,0,0,0,0,0,0,0,0,0,0,0,0,0,0,0,7,60,175,248,208,143,113,181,209,72,0,0,0,0,0,0,0,0,0,0,0,0,0,0,0,0,0,0,27,158,221,150,70,10,10,117,248,142,0,0,0,0,0,0,0,0,0,0,0,0,0,0,0,0,0,1,87,234,119,5,0,0,0,159,245,137,19,0,0,0,0,0,0,0,0,0,0,0,0,0,0,0,0,20,194,178,45,0,0,0,0,132,234,121,15,0,0,0,0,0,0,0,0,0,0,0,0,0,0,0,6,118,231,147,27,0,0,0,19,131,220,116,7,0,0,0,0,0,0,0,0,0,0,0,0,0,0,0,20,133,252,178,32,0,0,18,102,218,220,67,0,0,0,0,0,0,0,0,0,0,0,0,0,0,0,0,11,91,248,227,92,0,30,102,203,252,213,3,0,0,0,0,0,0,0,0,0,0,0,0,0,0,0,0,0,29,188,248,216,226,253,253,252,253,100,10,0,0,0,0,0,0,0,0,0,0,0,0,0,0,0,0,0,0,47,166,224,247,249,252,252,231,98,7,0,0,0,0,0,0,0,0,0,0,0,0,0,0,0,0,0,0,0,46,70,85,181,250,227,142,26,0,0,0,0,0,0,0,0,0,0,0,0,0,0,0,0,0,0,0,0,0,0,59,238,245,190,43,2,0,0,0,0,0,0,0,0,0,0,0,0,0,0,0,0,0,0,0,0,0,7,109,253,250,183,2,0,0,0,0,0,0,0,0,0,0,0,0,0,0,0,0,0,0,0,0,0,0,0,160,245,239,121,13,0,0,0,0,0,0,0,0,0,0,0,0,0,0,0,0,0,0,0,0,0,0,18,161,245,181,44,0,0,0,0,0,0,0,0,0,0,0,0,0,0,0,0,0,0,0,0,0,0,0,69,212,219,93,3,0,0,0,0,0,0,0,0,0,0,0,0,0,0,0,0,0,0,0,0,0,0,10,110,249,208,28,0,0,0,0,0,0,0,0,0,0,0,0,0,0,0,0,0,0,0,0,0,0,0,22,184,250,140,0,0,0,0,0,0,0,0,0,0,0,0,0,0,0,0,0,0,0,0,0,0,0,0,38,217,247,88,7,0,0,0,0,0,0,0,0,0,0,0,0,0,0,0,0,0,0,0,0,0,0,0,40,186,214,73,0,0,0,0,0,0,0,0,0,0,0,0,0,0,0,0,0,0,0,0,0,0,0,0,33,94,81,16,0,0,0,0,0,0,0,0,0,0,0,0,0,0,0,0,0,0,0,0,0,0,0,0,0,0,0,0,0,0,0,0,0,0,0,0,0,0,0,0,0,9
0,0,0,0,0,0,0,0,0,0,0,0,0,0,0,0,0,0,0,0,0,0,0,0,0,0,0,0,0,0,0,0,0,0,0,0,0,0,0,0,0,0,0,0,0,0,0,0,0,0,0,0,0,0,0,0,0,0,0,0,0,0,0,0,0,0,0,0,0,0,0,0,0,0,0,0,0,0,0,0,0,0,0,0,0,0,0,0,0,0,0,0,0,0,0,0,0,0,0,0,0,0,0,0,0,0,0,0,0,0,0,0,0,0,0,0,0,0,0,0,0,0,0,0,0,0,0,0,0,0,0,0,0,0,0,0,0,0,0,0,0,0,0,0,0,0,0,0,0,0,0,0,0,0,0,0,0,0,0,0,0,0,0,0,0,0,0,0,0,0,0,0,0,0,0,0,0,16,88,144,80,16,2,0,0,2,0,0,0,0,0,0,0,0,0,0,0,0,0,0,0,0,0,0,20,152,243,249,232,141,48,8,39,40,2,0,0,0,0,0,0,0,0,0,0,0,0,0,0,0,0,21,129,241,253,253,253,238,155,54,118,166,24,0,0,0,0,0,0,0,0,0,0,0,0,0,0,0,0,46,184,252,241,162,90,142,202,78,122,245,80,1,0,0,0,0,0,0,0,0,0,0,0,0,0,0,2,61,231,253,209,49,5,1,109,55,103,224,135,27,0,0,0,0,0,0,0,0,0,0,0,0,0,0,0,108,234,250,93,9,0,0,21,16,69,189,175,52,0,0,0,0,0,0,0,0,0,0,0,0,0,0,0,107,220,178,42,0,0,0,0,0,35,154,216,75,0,0,0,0,0,0,0,0,0,0,0,0,0,0,0,61,185,140,4,0,0,0,0,0,16,188,245,66,3,0,0,0,0,0,0,0,0,0,0,0,0,0,0,16,172,101,0,0,0,0,0,27,123,233,214,59,1,0,0,0,0,0,0,0,0,0,0,0,0,0,0,0,140,94,18,0,0,0,17,114,214,250,189,72,0,0,0,0,0,0,0,0,0,0,0,0,0,0,0,0,94,150,79,38,55,49,124,233,252,241,191,132,0,0,0,0,0,0,0,0,0,0,0,0,0,0,0,0,46,176,223,170,188,205,253,252,233,94,113,187,24,0,0,0,0,0,0,0,0,0,0,0,0,0,0,0,2,99,244,247,252,254,254,212,136,44,89,184,90,5,0,0,0,0,0,0,0,0,0,0,0,0,0,0,0,19,64,160,189,173,130,71,46,117,222,229,166,12,0,0,0,0,0,0,0,0,0,0,0,0,0,0,0,0,4,23,56,47,11,0,11,59,176,246,230,17,0,0,0,0,0,0,0,0,0,0,0,0,0,0,0,0,0,0,0,0,0,0,0,1,38,181,243,71,7,0,0,0,0,0,0,0,0,0,0,0,0,0,0,0,0,0,0,0,0,0,0,0,2,94,206,132,15,0,0,0,0,0,0,0,0,0,0,0,0,0,0,0,0,0,0,0,0,0,0,0,0,40,149,187,15,0,0,0,0,0,0,0,0,0,0,0,0,0,0,0,0,0,0,0,0,0,0,0,0,6,54,102,3,0,0,0,0,0,0,0,0,0,0,0,0,0,0,0,0,0,0,0,0,0,0,0,0,0,0,0,0,0,0,0,0,0,0,0,0,0,0,0,0,0,0,0,0,0,0,0,0,0,0,0,0,0,0,0,0,0,0,0,0,0,0,0,0,0,0,0,0,0,0,0,0,0,0,0,0,0,0,0,0,0,0,0,0,0,0,0,0,0,9
